N,Cb11,Cb12,Cb33,Ch11,Ch12,Ch33,G11,G22,G33,minEig_Cbar,minEig_Chat,minEig_block,rms_energy,rms_stress,rms_double
1,77116.37852,20923.92385,18059.15098,54735.35093,24987.77873,13416.28961,1264.275832,0,249.9814407,18059.15098,13416.28961,-2.848018214e-11,0.1217897001,0.05729628846,0.02244199485
2,57976.4873,21424.03493,28945.84489,51293.60541,20417.35485,12214.74341,1264.275832,0,249.9814407,28945.84489,12214.74341,34.20367626,0.08625482748,0.02412993986,0.01963986121
3,53532.22587,20558.91829,25937.97208,50078.66725,19212.55211,11581.75536,1264.275832,0,249.9814407,25937.97208,11581.75536,13.84567757,0.0772915954,0.01583753289,0.01723412594
4,51673.03933,19932.89365,23189.64115,49458.50636,18669.90173,11221.67271,1264.275832,0,249.9814407,23189.64115,11221.67271,4.431140474,0.06971148305,0.01217869429,0.01590251914
5,50673.66955,19495.36965,21142.43635,49082.34845,18363.43181,10991.67476,1264.275832,0,249.9814407,21142.43635,10991.67476,-1.6027748e-05,0.06358094014,0.01017308114,0.01496079141
limit N->inf,47547.25645,17280.95448,9967.070277,47547.25645,17280.95448,9967.070277,1264.275832,0,249.9814407
deviation N^-1,12147.80135,12929.35243,67823.01777,7797.301362,4838.777205,5541.473206
deviation N^-2,17421.32073,-9286.383062,-59730.93706,-609.2068821,2868.047038,-2092.25387
m,2
