Case,LoadCase,T1_epsCeps,T2_psiCpsi,T3_gamCgam,T5_psiCgam,T4_kapAkap,ell2_T4,T4_element,T4_gridFD,T4_polyfit,twoALLSE_hom,twoALLSE_het,twoALLSE_het_std,T2_over_T1,T3_over_T1,T5_over_T1,ell2T4_over_T1,W_alphas
1,NC_k0000,4.3244845967e-01,4.3654356955e-01,3.7641112366e-03,-3.9296105566e-03,8.4135750917e-05,1.3146211081e-06,8.1965320747e-04,6.9627237446e-04,8.4135750917e-05,4.3203682005e-01,4.6967153008e-01,8.3674052613e-03,1.0094695906e+00,8.7041846314e-03,-9.0868876248e-03,3.0399486428e-06,NaN
2,NC_k0001,2.8158624129e-01,2.8340511863e-01,1.5687210483e-03,-1.6937991929e-03,8.0667355051e-05,1.2604274227e-06,2.8271891455e-04,1.7938293319e-04,8.0667355051e-05,2.8157568530e-01,3.0564627071e-01,1.7308007105e-03,1.0064593971e+00,5.5710145536e-03,-6.0152058038e-03,4.4761683558e-06,NaN
3,NC_k0002,1.5386622214e+00,1.5379094641e+00,1.5237276403e-03,-3.8548517459e-04,5.0521552769e-04,7.8939926202e-06,1.0276995326e-03,7.8816676774e-04,5.0521552769e-04,1.5385272206e+00,1.5693369016e+00,5.6596360635e-03,9.9951077158e-01,9.9029378846e-04,-2.5053268303e-04,5.1304259705e-06,NaN
4,NC_k0003,2.8158610206e-01,2.8340532238e-01,1.5687281762e-03,-1.6939742494e-03,8.0667418139e-05,1.2604284084e-06,2.8283399061e-04,1.7938445585e-04,8.0667418139e-05,2.8157568521e-01,3.0564626596e-01,1.7308097396e-03,1.0064606183e+00,5.5710426217e-03,-6.0158304584e-03,4.4761740697e-06,NaN
5,NC_k0004,4.3247292095e-01,4.3654486178e-01,3.7629546141e-03,-3.9174477249e-03,8.4136093349e-05,1.3146264586e-06,8.1968260782e-04,6.9633413233e-04,8.4136093349e-05,4.3203681883e-01,4.6967127320e-01,8.3677247425e-03,1.0094154816e+00,8.7010178715e-03,-9.0582497428e-03,3.0397890710e-06,NaN
6,NC_k0005,1.5386783118e+00,1.5379106781e+00,1.5234556512e-03,-3.7791098318e-04,5.0521601261e-04,7.8940001970e-06,1.0290840187e-03,7.8823718758e-04,5.0521601261e-04,1.5385272192e+00,1.5693363815e+00,5.6596077318e-03,9.9950110840e-01,9.9010666460e-04,-2.4560753231e-04,5.1303772442e-06,NaN
7,NC_k0006,7.1640971253e-01,7.1604483783e-01,5.7255048820e-04,-1.0383789740e-04,2.1694220870e-04,3.3897220109e-06,4.2180355545e-04,3.2358422492e-04,2.1694220870e-04,7.1631030373e-01,7.3085377547e-01,3.1330137781e-03,9.9949068991e-01,7.9919420157e-04,-1.4494205702e-04,4.7315411163e-06,NaN
8,NC_k0007,1.1038386109e+00,1.1052699486e+00,2.5199053284e-03,-1.9756215266e-03,3.6894073713e-04,5.7646990177e-06,8.8872996777e-04,6.4396699868e-04,3.6894073713e-04,1.1037926021e+00,1.1441293920e+00,3.6171001379e-03,1.0012966911e+00,2.2828566636e-03,-1.7897738919e-03,5.2224111033e-06,NaN
9,NC_k0008,7.1641469380e-01,7.1604695644e-01,5.7254576063e-04,-1.0240420100e-04,2.1694272082e-04,3.3897300129e-06,4.2216267863e-04,3.2360141315e-04,2.1694272082e-04,7.1631030283e-01,7.3085356623e-01,3.1329304003e-03,9.9948669763e-01,7.9918204579e-04,-1.4293983902e-04,4.7315193870e-06,NaN
10,NC_k0009,1.1038498593e+00,1.1052688403e+00,2.5196309389e-03,-1.9693059751e-03,3.6894064683e-04,5.7646976068e-06,8.8964025462e-04,6.4401870762e-04,3.6894064683e-04,1.1037926017e+00,1.1441290860e+00,3.6171900316e-03,1.0012854837e+00,2.2825848259e-03,-1.7840342674e-03,5.2223566079e-06,NaN
11,NC_k0010,9.0095051572e-01,9.0219221282e-01,2.1474945900e-03,-1.6945958420e-03,2.0450951961e-04,3.1954612439e-06,1.1080608396e-03,9.5715064678e-04,2.0450951961e-04,9.0063476088e-01,9.2758797154e-01,7.7934066378e-03,1.0013782079e+00,2.3835877249e-03,-1.8808977990e-03,3.5467666516e-06,NaN
12,NC_k0011,1.0701762557e+00,1.0722620348e+00,3.1400722977e-03,-2.6129256978e-03,3.8484224391e-04,6.0131600611e-06,7.4067638659e-04,5.2735891526e-04,3.8484224391e-04,1.0699292784e+00,1.1114199401e+00,3.6711190083e-03,1.0019490052e+00,2.9341636771e-03,-2.4415844434e-03,5.6188501930e-06,NaN
13,NC_k0012,9.0094767022e-01,9.0219153899e-01,2.1469540413e-03,-1.6954114030e-03,2.0450895351e-04,3.1954523986e-06,1.1073136145e-03,9.5713567926e-04,2.0450895351e-04,9.0063476059e-01,9.2758804457e-01,7.7934863077e-03,1.0013806227e+00,2.3829952751e-03,-1.8818089652e-03,3.5467680357e-06,NaN
14,NC_k0013,1.0701874721e+00,1.0722627869e+00,3.1397282132e-03,-2.6075214965e-03,3.8484266753e-04,6.0131666802e-06,7.4006852597e-04,5.2736522081e-04,3.8484266753e-04,1.0699292789e+00,1.1114201302e+00,3.6709071500e-03,1.0019392068e+00,2.9338114070e-03,-2.4365090833e-03,5.6187974884e-06,NaN
15,NC_k0014,4.3245956344e-01,4.3654431272e-01,3.7634395248e-03,-3.9240944016e-03,8.4136028490e-05,1.3146254452e-06,8.1951051334e-04,6.9633464687e-04,8.4136028490e-05,4.3203681866e-01,4.6967135288e-01,6.9574390676e-03,1.0094453901e+00,8.7024079081e-03,-9.0738990030e-03,3.0398806184e-06,NaN
16,NC_k0015,6.6248191299e-01,6.6297221923e-01,1.3075590712e-03,-8.9893265862e-04,1.6152382173e-04,2.5238097145e-06,9.0045890330e-04,7.7806841986e-04,1.6152382173e-04,6.6232905467e-01,6.8110559817e-01,3.9566485682e-03,1.0007401051e+00,1.9737279548e-03,-1.3569165301e-03,3.8096281047e-06,NaN
