Case,LoadCase,NX,NY,zeta1,zeta2,strain0,StepTime,ALLSE,RF_LEFT_x,RF_LEFT_y,RF_RIGHT_x,RF_RIGHT_y,RF_BOTTOM_x,RF_BOTTOM_y,RF_TOP_x,RF_TOP_y,Volume,nBndNodes,Savg_11,Savg_22,Savg_33,Savg_12,Eavg_11,Eavg_22,Eavg_33,Eavg_12,Uavg_1,Uavg_2,Fbar_11,Fbar_12,Fbar_21,Fbar_22,G111,G112,G121,G122,G211,G212,G221,G222,Fbar_11_int,Fbar_12_int,Fbar_21_int,Fbar_22_int,G111_int,G112_int,G121_int,G122_int,G211_int,G212_int,G221_int,G222_int,Q111,Q112,Q121,Q122,Q211,Q212,Q221,Q222,fitResidMax,c1_fit,c2_fit,ALLSE_std,HillResid,QSymResid,ForceBalanceResid,KubcErrF,KubcErrG,EnergyConsistencyResid
1,NC_k0000,8,8,-0.00115131578947369,-0.00115131578947369,0.01,1,0.327756284885328,46.0169744653544,-1.69495690648448,46.494443465987,-1.89397434216691,-46.9851533332491,2.44899999845534,-47.851563948069,3.33374795144338,1,1280,0.437374612624964,-0.0878835598327982,0.115332047421432,-0.0548185831432461,-1.26394300505586e-18,-7.11132756080973e-19,0,-4.06922954812466e-19,-0.0015374008738838,0.000838645956397475,1,-3.51393526233737e-20,1.10948302562488e-19,1,-0.00523340711650885,0.0100210450899222,0.0100210450899222,-0.0151659745678761,0.00104088811922811,-0.00481258406506862,-0.00481258406506862,0.00423543471264215,1,0,0,1,-0.0052335054185513,0.0100212408134591,0.0100212408134591,-0.0151659758721895,0.00104091659924769,-0.00481267806085114,-0.00481267806085114,0.00423543199591765,4.92520649844397,35.5361387302926,3.11440822710863,-10.5532087349555,3.11440822710863,-10.5532087349555,-14.7832463318586,2.06449665224201,2.60208521396521e-18,8.01028631453289e-20,-2.95921783105182e-19,0.000943748594429478,6.93176041095059e-12,6.24095832798028e-09,2.36021273316037e-11,2.06971009470351e-19,1.38777878078145e-17,2.80334120295293e-13
2,NC_k0001,8,8,-0.00115131578947369,-0.00115131578947369,0.01,1,0.208404790637231,117.764294755128,19.1947521021281,118.699327709501,18.8582260602959,-115.70233741559,-20.2410357887372,-117.427106817625,-19.7587755880804,1,1280,0.0767341391480452,0.11509491160005,0.0633035867468691,-0.104921341046501,-1.22229390976007e-18,2.71891510077472e-19,0,-1.06887947881857e-18,0.00162736501159366,-0.00121277467256021,1,1.68937885409525e-20,1.83032626040578e-20,1,0.0167936705423597,-0.000560010168439073,-0.000560010168439073,-0.00184734565890285,-0.00691428473759986,0.00121998686912674,0.00121998686912674,-0.00805919542814356,1,0,2.16840434497101e-19,1,0.0167936160118238,-0.000560021106137675,-0.000560021106137675,-0.00184721814826494,-0.00691432688433215,0.00122001069699528,0.00122001069699528,-0.00805922639410739,20.9534967752005,-3.673445296427,-0.220103762941363,-11.9236926938748,-0.220103762941363,-11.9236926938748,11.8879449295081,-4.86867492957915,1.73472347597681e-18,-3.77072551708435e-19,-8.14755362774114e-20,0.000267595162329363,4.70048687829907e-11,2.83336148055323e-09,1.33786917050118e-11,1.47077425251607e-19,6.93889390390723e-18,2.3057849396729e-13
3,NC_k0002,8,8,-0.00115131578947369,-0.00115131578947369,0.01,1,0.686342958142955,-92.7944558522678,49.2497856569603,-92.5941422190472,49.9717166172036,92.3891022673523,-49.8397599075276,93.6946561714457,-49.6944803201167,1,1280,0.355671368772949,0.612835011889162,0.31960710561853,0.146047395661144,-8.08714468845564e-19,-4.70589116472576e-18,0,-4.49236276140132e-20,-4.11336891379379e-05,-0.000484703969427986,1,-5.60719903719031e-20,-4.1280706700427e-19,1,-0.0072609762275046,0.00798862637180395,0.00798862637180395,0.00271554906894998,-0.00216661494335418,0.0151594699561672,0.0151594699561672,-0.00644841969049437,1,-4.06575814682064e-20,0,1,-0.00726093861123645,0.00798878239966277,0.00798878239966277,0.00271548925821329,-0.00216665688340331,0.0151597660395648,0.0151597660395648,-0.00644841981604402,-13.9657700395312,24.7878991643709,6.70580644470188,14.6371381870233,6.70580644470188,14.6371381870233,47.5080726949815,-8.12321821893247,4.33680868994202e-18,2.27842291628072e-19,5.18902783814055e-19,0.000867261445740568,4.24231707508914e-12,4.08280994244618e-09,1.4930056344194e-11,9.03654686166755e-19,1.21430643318376e-17,1.18425580805985e-13
4,NC_k0003,8,8,-0.00115131578947369,-0.00115131578947369,0.01,1,0.262581116837449,-90.0650412705132,10.0198255559538,-90.8744997565771,10.6000006724695,88.9785112224172,-8.52646456496849,90.0774277285252,-9.08738584321649,1,1280,0.16436284442292,-0.183345810496323,-0.00626437880421625,0.10698306457736,-4.45906271022076e-19,-2.38255613228458e-18,0,1.53192195083596e-19,-0.000576672924710874,0.00170453469958824,1,-6.00034760367584e-20,4.64616640652648e-20,1,-0.00890341594678861,0.00659383141145557,0.00659383141145557,0.00818599167466987,0.011081958503288,-0.00383992549913756,-0.00383992549913756,0.00852556625629547,1,0,2.16840434497101e-19,1,-0.00890333425393956,0.00659396019722532,0.00659396019722532,0.00818590647877261,0.0110819938908375,-0.00384000049768246,-0.00384000049768247,0.00852562660861298,-15.1721649392675,23.2523149977483,6.16591753449467,10.1678563294171,6.16591753449467,10.1678563294171,-18.9390222105868,1.27313766373869,1.95156391047391e-18,1.03985244686648e-20,-1.98770092710652e-19,0.000650943098516866,5.92228206834717e-11,5.56558907997637e-09,1.61218038048845e-11,2.38122317639833e-19,6.07153216591882e-18,2.45302177788527e-13
5,NC_k0004,8,8,-0.00115131578947369,-0.00115131578947369,0.01,1,0.17480757602004,27.2768797033645,-18.1619793772781,27.575003782882,-18.2934888761265,-27.8902959256375,16.5741597466947,-27.930835719934,16.7853040880804,1,1280,-0.247171245585557,0.00299230324935445,-0.0805790509709417,-0.0488271597520801,4.05703414862692e-19,1.04457746387551e-20,0,-6.63637079283943e-19,-0.000870630674774739,-0.0018087522536836,1,2.20654160176857e-20,3.69838744410565e-20,1,-0.00312662682058422,-0.00671160527592423,-0.00671160527592423,-0.0103971201687872,-0.012762173308884,0.000548361139259963,0.000548361139259963,-0.00859678335400792,1,2.16840434497101e-19,0,1,-0.00312669533800044,-0.00671173636196477,-0.00671173636196477,-0.0103971176852918,-0.0127622051159561,0.000548371849438463,0.000548371849438464,-0.00859685583871635,3.0677818784646,-23.2435286150766,-7.44408657323604,-5.54907744897138,-7.44408657323604,-5.54907744897138,3.13497824683857,-0.217575739539185,1.95262270165798e-18,1.37929026841288e-19,5.23984621917336e-19,0.000121623569974993,2.37475612246178e-11,3.44314326773826e-09,2.22310411762691e-11,1.32101378444427e-19,6.93889390390723e-18,3.01058619080531e-13
6,NC_k0005,8,8,-0.00115131578947369,-0.00115131578947369,0.01,1,0.715273901263787,53.5930275716676,90.9017848327932,53.9287405105049,92.0850309676135,-53.0607910891534,-91.0495471290733,-53.9950400611454,-90.9808680849421,1,1280,0.638508284655515,-0.163730031307745,0.156676823604734,0.0378504521317364,-2.13319953810075e-18,1.27097404026256e-18,0,4.14237712969272e-19,0.000457126488633248,4.82777146122758e-05,1,-7.70576302161494e-20,1.47210042697088e-19,1,0.00652234756030476,0.0163762563016298,0.0163762563016298,0.000290094583144852,0.00265900651085749,-0.00602366899317761,-0.00602366899317761,-0.00677038796632783,1,-5.42101086242752e-20,6.7762635780344e-21,1,0.00652233376132085,0.0163765761503856,0.0163765761503856,0.000290141646006421,0.00265895043133988,-0.00602378664296263,-0.00602378664296263,-0.00677035196191499,8.92653516641998,51.8545976926976,14.8934295454656,-7.19965897167047,14.8934295454656,-7.19965897167047,-17.6575509104466,-13.5883330261051,4.33680868994202e-18,4.62658663254359e-20,-1.0551928703079e-19,0.000725338714604869,8.86593814876627e-12,5.96643800746e-09,1.44531978631086e-11,2.62587549422588e-19,1.38777878078145e-17,1.47836101108888e-13
7,NC_k0006,8,8,-0.00115131578947369,-0.00115131578947369,0.01,1,0.25276557303716,-71.8659566067825,-82.9894043747106,-71.1502657859384,-83.7456418996034,71.2427565026411,83.8242116596085,71.442592475774,84.0740783793311,1,1280,0.321913941380359,0.103150420486091,0.140271239415915,-0.0153562105785769,-4.86764081897309e-19,5.40116955680108e-19,0,-1.10569656410027e-18,0.000124227730760898,-0.000126924451163785,1,-3.18970870663525e-20,1.47121808290067e-20,1,-0.00398200939445784,0.00754742661982021,0.00754742661982021,0.00927323019774596,-0.0149178558947045,0.000283080721679624,0.000283080721679624,0.00430866511930741,1,0,0,1,-0.00398193175358873,0.00754757403049637,0.00754757403049637,0.00927317839291593,-0.014917787916552,0.00028308625059997,0.00028308625059997,0.0043085453384656,-10.9620075091641,31.1539023208417,-10.3603881972152,9.83893746395191,-10.3603881972152,9.83893746395191,-3.08486073705486,13.2842412483617,1.73472347597681e-18,1.79732683608425e-20,2.72259523435757e-19,0.000517634453658571,1.0912716388505e-11,6.50814481101239e-09,1.12276247810543e-11,1.61106855324883e-19,8.67361737988404e-18,8.61719916607223e-14
8,NC_k0007,8,8,-0.00115131578947369,-0.00115131578947369,0.01,1,0.185935745402466,-58.0755117492003,81.4274825860886,-59.184796350095,83.1226888676273,58.368280654685,-82.6844644952351,59.7211714877821,-84.2050690392147,1,1280,-0.293933847732422,-0.222384161172862,-0.170384942938757,0.153716941856663,8.98942942321936e-19,-6.00738265505411e-19,0,-1.37419790890305e-18,0.000995503807513811,-0.000938896311129746,1,2.15253474350165e-20,5.51142692671365e-20,1,0.00182057138377452,-0.00383757236604354,-0.00383757236604354,0.0157517137559357,0.00454043346890259,-0.00171840194232206,-0.00171840194232206,-0.0105011252064776,1,0,0,1,0.0018206823080174,-0.00383764731862881,-0.00383764731862881,0.0157516886338664,0.00454034547132181,-0.00171843550485999,-0.00171843550485999,-0.0105010663138369,-7.89746817097964,-18.7004010301837,8.46808787960906,9.92509128559788,8.46808787960906,9.92509128559788,-8.96488127724951,-14.6504484020902,1.40946282423116e-18,-3.38503124687005e-19,2.461409006533e-19,0.000628085421590059,1.39247677357495e-11,3.87902611183406e-09,1.14221548396143e-11,1.08309781232833e-19,6.93889390390723e-18,1.94955338574764e-13
9,NC_k0008,8,8,-0.00115131578947369,-0.00115131578947369,0.01,1,0.322040571465276,17.4422629002708,117.537469560335,16.8423933318146,118.820398042745,-17.0756517880018,-118.881887255971,-16.4755444761748,-119.07834678171,1,1280,-0.110303325869958,0.254986884965146,0.0477455745013993,0.107022564820097,7.23583134002532e-20,7.39342708279863e-19,0,-2.90971588958865e-18,-0.000156383155355015,-0.000316045580922363,1,-1.78123018858588e-21,-2.13180032583338e-19,1,-0.00032464051765847,-0.00270771985033662,-0.00270771985033662,-0.00777483302139315,0.0130076576265531,0.00866451467893541,0.00866451467893541,-0.00937239892902188,1,0,2.16840434497101e-19,1,-0.000324696669656875,-0.00270777273548994,-0.00270777273548994,-0.00777481641760538,0.0130075572240765,0.00866468390773773,0.00866468390773773,-0.00937228077625868,2.76252208110185,-16.4882891470557,14.7360176001253,-1.26421631649583,14.7360176001253,-1.26421631649583,31.1444641261508,-19.1866907451433,2.38524477946811e-18,5.22372586791643e-22,2.76907699727704e-19,0.00067367293935644,6.30202751093892e-12,4.81356541083567e-09,9.28828961483889e-12,3.84930486756514e-19,8.67361737988404e-18,5.96997659625282e-14
10,NC_k0009,8,8,-0.00115131578947369,-0.00115131578947369,0.01,1,0.354451244907546,59.9094702137163,-103.53788753305,61.406085773742,-105.92158571398,-58.940195380842,104.981469434812,-60.5273509044271,106.728318538171,1,1280,0.249223819117451,0.565231973095925,0.268770411430401,-0.179600595393696,-3.94413709203979e-19,-5.07769782099351e-18,0,9.05121981497707e-19,0.000327897384080798,0.000970667488986857,1,-4.83950136017503e-20,-1.99876844185296e-19,1,0.00519928019819397,0.000838001429410396,0.000838001429410396,-0.00973762720273094,-0.00541928592851949,0.00975559370658176,0.00975559370658176,0.0123654189958392,1,0,5.42101086242752e-20,1,0.00519919618412706,0.000838017796625814,0.000838017796625814,-0.00973756534856151,-0.00541918213080729,0.00975578424552134,0.00975578424552134,0.0123653491147924,10.4245069524605,9.54892129754747,-11.9236002990358,-5.89320304107145,-11.9236002990358,-5.89320304107145,37.7198425866041,18.1313356560827,2.60208521396521e-18,1.62354075980433e-19,4.8329638154533e-19,0.000588495232083831,8.08752830044649e-12,5.18129647683806e-09,1.27760049118942e-11,4.13516439980258e-19,9.54097911787244e-18,1.35732118539786e-13
11,NC_k0010,8,8,-0.00115131578947369,-0.00115131578947369,0.01,1,0.414090922349176,-52.310637515962,62.3026548639908,-53.5569738599193,64.2306478915707,50.3445293368091,-63.7079334197918,51.7673835788085,-65.054806729778,1,1280,-0.248657734277181,-0.64681941607532,-0.295507459616337,0.126073263393545,3.96097090682242e-19,-5.34991524023233e-18,0,8.13140891094978e-19,-0.00151531188823354,-0.00115984679256,1,-6.4813455578549e-21,3.07330089653248e-19,1,-0.0111572556086814,-0.00114164067691532,-0.00114164067691532,0.000921888631614495,-0.000838431457235702,-0.0125858989726805,-0.0125858989726805,-0.0106889945710182,1,0,0,1,-0.0111572216171739,-0.00114166297458479,-0.00114166297458479,0.000921804662729099,-0.000838507698818357,-0.0125861447910198,-0.0125861447910198,-0.0106889746156954,-11.0104995545798,-8.26509792114798,5.89709278077763,1.6845830193643,5.89709278077763,1.6845830193643,-47.6731111038204,-11.9015699331564,2.60208521396521e-18,1.14051733166063e-19,9.54093511129547e-20,0.000172669794405476,1.32122414680876e-11,4.31603381378098e-09,8.60468431164093e-12,5.92525235390462e-19,8.67361737988404e-18,1.91872139692485e-13
12,NC_k0011,8,8,-0.00115131578947369,-0.00115131578947369,0.01,1,0.215097469135816,26.9390800507348,-7.18651785189207,27.4380454100658,-8.03607336194107,-25.0457903992541,8.63746813038844,-25.9268287554735,9.17755421936707,1,1280,0.252453619285205,0.375149571658004,0.207109053011246,-0.0376541642963561,-8.03479682188417e-19,-5.84056238365183e-19,0,-9.42848034875026e-19,0.00175654085133173,0.00153009242209972,1,-4.61416767150407e-21,-2.14203357805711e-19,1,0.0111562507800311,0.00372247299024298,0.00372247299024298,0.0067667441851801,0.0090391613447924,0.00737137484334535,0.00737137484334535,0.00893581734392581,1,0,0,1,0.0111562731042053,0.00372254569479357,0.00372254569479357,0.0067668093756297,0.00903920472440833,0.00737151881551025,0.00737151881551025,0.0089358617327605,7.09294767593164,14.1883475124375,2.8387600400051,1.50560700039777,2.8387600400051,1.50560700039777,28.0794480260311,3.77701202949279,2.00577401909818e-18,-2.68278949476742e-19,-3.10311288925009e-21,0.000270245128542489,2.02823390171067e-11,4.45936652350416e-09,9.03073071429237e-12,4.23550188856745e-19,5.20417042793042e-18,2.350068129045e-13
13,NC_k0012,8,8,-0.00115131578947369,-0.00115131578947369,0.01,1,0.341477258350336,-94.4445003705395,-60.4804310145158,-95.1603842391416,-60.9373577379308,92.7000476379804,61.0016905007192,94.2540706742045,60.7890254504008,1,1280,-0.415090111894446,0.0419084935713321,-0.123149934046622,0.0367227163844447,1.90716857554445e-18,-6.46812225624615e-19,0,4.65082704381781e-19,-0.00157027876246837,0.000559683520277283,1,8.08685034596916e-20,-8.74121433224419e-20,1,-0.0152431504266709,-0.00930541602570423,-0.00930541602570423,-0.00271181015510361,0.0020331333037314,0.00312048212099629,0.00312048212099629,0.0077350270615511,1,0,0,1,-0.015243133073839,-0.00930559777211097,-0.00930559777211097,-0.00271191517864152,0.00203318499305728,0.00312054306791271,0.00312054306791271,0.00773502306832075,-17.0568341388853,-28.6531626550568,-8.33325371303547,9.65153311467298,-8.33325371303547,9.65153311467298,4.63988952651651,9.99353304533374,2.81892564846231e-18,1.38033837130232e-19,-5.8120677566738e-20,8.51526451117972e-05,8.79472330078643e-12,7.07470874128664e-09,1.54280152781328e-11,1.44697325012928e-19,5.20417042793042e-18,2.08291114838625e-13
14,NC_k0013,8,8,-0.00115131578947369,-0.00115131578947369,0.01,1,0.575025147517258,50.3085258333722,-103.721054338145,50.6096595990655,-105.004063380764,-50.2456944704593,104.974637244009,-51.5052255817949,105.068451615623,1,1280,-0.123639821222703,-0.524782366608631,-0.213979321984316,-0.161307620869859,1.5948982438652e-18,1.23223303627364e-18,0,-4.87927373565429e-18,0.000132358107595594,0.00054891650782058,1,3.39951709393941e-20,3.51127742068729e-19,1,0.00498912622183263,-0.00272241580136071,-0.00272241580136071,0.00271310382184267,-0.00664467839056453,-0.0146387790942166,-0.0146387790942166,0.0100940841642874,1,0,-5.42101086242752e-20,1,0.00498913391271457,-0.00272246897354433,-0.00272246897354433,0.00271313373950586,-0.00664458823692468,-0.0146390650078708,-0.0146390650078708,0.0100940108534492,7.53671611818282,-3.17296715730971,-13.1430773152081,-8.7371036304689,-13.1430773152081,-8.7371036304689,-48.0881735921262,17.094178471342,4.33680868994202e-18,-2.11484800145622e-19,-7.08778744029494e-19,0.000904873079995826,5.65110573289742e-12,3.90999964681573e-09,4.63491724664342e-12,6.8453549772574e-19,1.38777878078145e-17,1.36334610759633e-13
15,NC_k0014,8,8,-0.00115131578947369,-0.00115131578947369,0.01,1,0.701222090219557,-36.6044144726323,-72.7777639421787,-36.7654076573193,-73.8070413436102,37.2336315343469,72.5586862596083,37.8391181956986,72.265922330578,1,1280,-0.613785435484973,0.203769441859153,-0.135305277896551,-0.0355166167805441,-1.83851479051751e-18,-3.802201860049e-19,0,2.3584118675775e-18,0.000905949433910728,-0.000531614703468327,1,7.53263506413388e-20,-1.59095633045705e-19,1,0.00217222537146128,-0.0159947279836309,-0.0159947279836309,0.00794436627928003,-0.00445976827374019,0.00696433063739491,0.00696433063739491,0.00281881602866443,1,0,0,1,0.00217227825445314,-0.0159950403806619,-0.0159950403806619,0.00794436279370833,-0.00445973674000884,0.00696446665947767,0.00696446665947767,0.00281877648247094,-4.25345755380204,-51.8428721164641,-13.4555719396821,8.18436742044192,-13.4555719396821,8.18436742044192,22.5545034221237,9.98603386908724,4.33680868994202e-18,-8.94947669216852e-19,7.65321279978359e-20,0.00134827303577339,9.49324025489661e-12,6.02910062334178e-09,1.93670107217502e-11,4.35131409710577e-19,1.38777878078145e-17,1.04984997337383e-13
16,NC_k0015,8,8,-0.00115131578947369,-0.00115131578947369,0.01,1,0.47866218870272,96.9100252503842,19.9159489053155,96.2927947473578,19.9502217078344,-96.310974812693,-20.0699390727628,-97.1569499021672,-20.3623762721878,1,1280,-0.443661933027773,-0.446173018113491,-0.293645533876649,-0.0764144481343632,1.99124927899549e-18,-2.23005025584839e-18,0,4.52892965901358e-19,-5.91606831108887e-05,0.00037873941653257,1,1.2410688809011e-19,1.54872984558281e-19,1,0.00657798911293622,-0.0101065793937027,-0.0101065793937027,-0.00692801170261272,0.0107208255033532,-0.00946792217555798,-0.00946792217555798,0.00141849083238711,1,0,0,1,0.00657792231111927,-0.0101067767878315,-0.0101067767878315,-0.00692794660989045,0.0107208097188,-0.00946810709591297,-0.00946810709591297,0.00141856589094589,14.6284874945347,-36.2824364563174,2.06051582560903,-14.4749626615881,2.06051582560903,-14.4749626615881,-27.4782491411639,-3.06741408474816,3.46944695195361e-18,-2.16027506012826e-19,-2.7620077391664e-19,0.000610898407500709,6.19106392927278e-12,5.86555191864826e-09,1.45310842327003e-11,4.01054387016025e-19,8.67361737988404e-18,9.51119715684555e-14
17,NC_k0016,8,8,-0.00115131578947369,-0.00115131578947369,0.01,1,0.336615807785037,-122.685564883825,7.75632422977203,-123.413490946183,8.6970669153236,121.312897675213,-9.18509107317563,123.47082483308,-10.1766499318287,1,1280,-0.34212161460211,0.0370551989891127,-0.100671917152294,0.140134335700697,-7.94446318445596e-20,-2.23051754396277e-18,0,2.52111967270104e-19,-0.000570848482896077,-0.00157907836317583,1,5.90159762592452e-20,-6.00504729447242e-20,1,-0.0115585687257176,-0.00604009263940823,-0.00604009263940823,0.00793210257873352,-0.00816450835296581,0.00422070397820643,0.00422070397820643,-0.0090843260555411,1,0,0,1,-0.0115584824101012,-0.00604021060996759,-0.00604021060996759,0.00793199855576293,-0.00816455495567532,0.00422078641383101,0.004220786413831,-0.00908436367565586,-19.9977484877137,-22.3479766831849,-3.27022842745427,15.8874767227173,-3.27022842745427,15.8874767227173,7.32149410998975,-4.03671506663816,2.16840434497101e-18,2.11202061935471e-19,3.98571123186111e-19,0.000785748659998003,1.09538834235042e-11,5.77214620196303e-09,1.57209151684315e-11,2.44277661090303e-19,5.20417042793042e-18,2.57313947953201e-13
18,NC_k0017,8,8,-0.00115131578947369,-0.00115131578947369,0.01,1,0.337352096952675,-24.7872772365758,114.477537571549,-26.0269229289508,116.462367328141,23.6026196390394,-114.906723565922,24.62927512033,-115.74351320465,1,1280,0.0388532331894951,-0.352559282916471,-0.103522996409932,0.150329282066662,-9.99597794774992e-20,-1.26178130638839e-19,0,6.20313218974608e-19,-0.00125226160324866,0.000494298853064536,1,-4.51939852492746e-20,5.26510737897581e-20,1,-0.0082771555149627,0.00450705118921081,0.00450705118921081,-0.00362172325633171,0.0152780878324339,-0.00620838961707159,-0.00620838961707159,-0.00510825188891229,1,-1.0842021724855e-19,-2.16840434497101e-19,1,-0.00827716183335687,0.00450713921755435,0.00450713921755435,-0.00362177503793153,0.0152780131184605,-0.0062085108746813,-0.0062085108746813,-0.00510812751753683,-6.05369261488796,9.24150401098707,17.3471006564314,-0.437820440321678,17.3471006564314,-0.437820440321678,-23.7203313471846,-17.2585902374996,2.16840434497101e-18,1.20412335504577e-19,-1.60153975606488e-19,0.00114204819390646,1.45795443614793e-11,6.16604824879439e-09,1.41315269029926e-11,3.5020600926706e-19,8.67361737988404e-18,5.4476447183424e-14
19,NC_k0018,8,8,-0.00115131578947369,-0.00115131578947369,0.01,1,0.591370510730658,-11.3262786290269,-33.305990678896,-10.3177704987161,-34.1282646069457,11.5143078921803,35.2871425906358,10.7156986519157,36.3269557604541,1,1280,0.764091684741951,0.319245128799616,0.357501148468713,-0.029770903447902,-6.63972363158898e-19,4.49456857636813e-20,0,-7.36676575918634e-19,0.000243749075443008,0.00162699216790508,1,-1.2724224321029e-19,-1.13798782648728e-19,1,0.000480665222583362,0.0166506935722712,0.0166506935722712,0.00125668900088172,-0.000142525586410514,0.00356399801294228,0.00356399801294228,0.0104029660136978,1,-2.71050543121376e-20,0,1,0.000480673253349428,0.01665101878113,0.01665101878113,0.00125668945329057,-0.000142449044848924,0.00356406762227847,0.00356406762227847,0.010402939571943,-1.1055968782557,60.9226811953591,1.49511928476796,2.43309458397594,1.49511928476796,2.43309458397594,11.9347251206191,8.64381761618902,4.33680868994202e-18,2.22099509551856e-19,-2.14949212616151e-19,0.000315988607008103,9.43483295071213e-12,4.05283578614597e-09,1.24328652937795e-11,2.45760080050466e-19,1.04083408558608e-17,1.50802054897867e-13
20,NC_k0019,8,8,-0.00115131578947369,-0.00115131578947369,0.01,1,0.335428438653642,143.094079821155,36.5915705800413,143.948355465367,36.0897406342454,-141.439609627027,-36.3514524684291,-143.546393788649,-35.2491830609922,1,1280,0.323792032017507,0.165842839149846,0.161579507485218,-0.115536716905542,1.55349923284127e-18,1.45211694397119e-19,0,-1.66244691559376e-18,0.000607740272970145,0.000621327881839305,1,-9.29671840631741e-20,-5.27436385825648e-20,1,0.0127487187526354,0.00482985425188676,0.00482985425188676,-0.0129637010912488,0.00660789271466915,0.00131317934767683,0.00131317934767683,0.000834533379048351,1,2.16840434497101e-19,1.0842021724855e-19,1,0.0127485926788511,0.00482994858497761,0.00482994858497761,-0.012963576067183,0.0066078826944236,0.00131320499571097,0.00131320499571097,0.000834579739265063,23.4770907558856,15.0627928647515,6.93499765630705,-17.6717130104307,6.93499765630705,-17.6717130104307,13.2046863924384,-4.48465021753651,1.73472347597681e-18,2.93885957890891e-19,-6.15184487924686e-20,0.000788910781795011,5.18711761553687e-12,3.36881604918287e-09,5.93206037045438e-12,1.60657121769354e-19,1.04083408558608e-17,1.13445292710325e-13
21,NC_k0020,8,8,-0.00115131578947369,-0.00115131578947369,0.01,1,0.324417484466078,15.6952459442843,124.700597260423,15.6535189075015,126.518673864615,-15.8342163252053,-126.713934342595,-15.5222312056986,-126.923471210085,1,1280,0.276705967848995,0.0806691439558248,0.117933786895594,0.114291824575848,-7.65590949957296e-19,-4.59368687190165e-19,0,-5.60507233506411e-19,-0.000270886915654812,-0.00153876845929949,1,-5.85111834308527e-20,-6.81277635439906e-21,1,-0.000641862031582156,0.00761351814436903,0.00761351814436903,-0.0054579085922262,-0.00107937272190659,0.00271105892574516,0.00271105892574516,-0.0174160472675352,1,-1.0842021724855e-19,0,1,-0.000641900439452625,0.00761366684589528,0.00761366684589528,-0.00545789996839198,-0.00107949764565923,0.0027111118761148,0.0027111118761148,-0.0174160126534505,2.20490601869723,18.5080069878533,14.6294790380366,-2.33694230815344,14.6294790380366,-2.33694230815344,10.2792005932956,-21.788025182047,1.73472347597681e-18,3.86165516686569e-19,6.53144159815013e-19,0.000365886452029767,1.47688209474048e-11,4.03220054971695e-09,1.12219522264855e-11,1.82041121699335e-19,1.21430643318376e-17,1.39302720087235e-13
22,NC_k0021,8,8,-0.00115131578947369,-0.00115131578947369,0.01,1,0.256271953691806,-89.9506593918616,-42.1388926963885,-89.7223951862614,-42.355035246267,87.9589418903728,42.7776672847876,88.9176223227223,43.232106473297,1,1280,0.303433259235979,0.196046687073182,0.164828382282027,0.04567286552741,-1.55781849427315e-18,-1.01847660682701e-18,0,-4.29463419709382e-19,-0.00172651808930321,0.000333128144157796,1,-6.4243055457644e-20,-5.48610083003495e-20,1,-0.0157696505906199,0.00743347769776725,0.00743347769776725,-0.00490678345698626,-0.00639315530433366,0.00364612015319482,0.00364612015319482,0.00422118215147607,1,2.16840434497101e-19,1.0842021724855e-19,1,-0.0157696480288518,0.00743362288287853,0.00743362288287853,-0.004906886977905,-0.00639310877918288,0.00364619136647906,0.00364619136647906,0.00422112502098763,-16.3754023779781,28.6192351709601,-3.86044259835939,8.58302570978676,-3.86044259835939,8.58302570978676,6.73636327934446,7.5438363140618,3.46944695195361e-18,1.64020455982083e-19,-8.65403273912449e-21,0.000234936737759931,3.00330366083226e-11,5.36432828559386e-09,8.84772528357839e-12,3.79520755347183e-19,6.93889390390723e-18,3.27748366645069e-13
23,NC_k0022,8,8,-0.00115131578947369,-0.00115131578947369,0.01,1,0.33776666369427,50.4342206879296,-130.028019421366,51.699581288633,-132.237557794319,-49.3039544510334,130.723231560869,-50.7446871317559,131.631926028378,1,1280,-0.0653387106866743,0.187967174979616,0.0404673932166541,-0.193483316847818,1.75187616888558e-19,-5.84452733605467e-20,0,-5.15236796634242e-18,0.00106884774397142,-0.00027957935389146,1,4.43423310517803e-20,-1.60405261273486e-20,1,0.00921842681296943,-0.00503965169388544,-0.00503965169388544,0.00145752932466205,-0.0151678539211591,0.00175471875137047,0.00175471875137047,0.00737260440386989,1,-2.16840434497101e-19,-2.16840434497101e-19,1,0.0092184149823082,-0.00503975012458258,-0.00503975012458259,0.00145759328401536,-0.0151677628916983,0.00175475302322109,0.00175475302322109,0.00737247531166734,9.64102534223062,-10.085156837358,-19.0348560347611,-4.11425470386429,-19.0348560347611,-4.11425470386429,9.58692350435521,20.0172487233198,1.73472347597681e-18,-3.96362086662337e-19,-9.29749144242581e-21,0.00120761562067926,2.60358294412852e-11,4.21447780693904e-09,2.28367023453432e-11,1.9335357341716e-19,8.67361737988404e-18,6.88055895762625e-14
24,NC_k0023,8,8,-0.00115131578947369,-0.00115131578947369,0.01,1,0.596938511546934,17.8465295083025,-11.1524764330008,18.3876090467931,-12.0032761969342,-17.0220125497343,10.5287100182808,-17.0748069779828,11.3294217041184,1,1280,-0.158452251657056,0.665856988426328,0.167443563133874,-0.0335979401352761,-4.21022248353432e-19,-6.09766886746053e-18,0,-3.75939636194863e-19,0.000299328801596434,-0.000455606590657901,1,-8.50152476278995e-21,-4.25595984594479e-19,1,0.00179059656442486,-0.00748668606960373,-0.00748668606960373,-0.00832749512316028,-0.00107299813618593,0.0163878394980998,0.0163878394980998,-0.00129750229158753,1,0,-5.42101086242752e-20,1,0.00179053120045529,-0.00748683229394102,-0.00748683229394102,-0.00832746167764071,-0.00107300501975219,0.01638815957309,0.01638815957309,-0.0012975069827304,3.89891080833951,-25.6556773476693,-3.8034160057394,0.856582831962118,-3.8034160057394,0.856582831962118,58.3657001362759,0.869730407905911,4.77048955893622e-18,-1.97300623899104e-19,4.29794043521356e-19,0.000749494367418849,1.03946039802067e-11,5.92704221201343e-09,1.52011890474267e-11,6.85827660771131e-19,1.38777878078145e-17,6.45898686011892e-14
25,NC_k0024,8,8,-0.00115131578947369,-0.00115131578947369,0.01,1,0.344221947854342,58.2231633166478,41.9916954180486,57.8255898451535,42.6142336064826,-57.1661191291107,-41.6746414428,-58.002710860355,-42.3256529098629,1,1280,0.0143084663812493,-0.500602959115455,-0.160477182602296,-0.0127155354285415,-1.41277926703375e-18,1.73918583965466e-18,0,-8.95195193761612e-20,0.00112605954431509,0.000492049019577552,1,3.00647498617453e-20,1.86515192192237e-19,1,0.010892794888854,0.00224738392473582,0.00224738392473582,0.00832526892141889,0.00777046573001903,-0.0121066857951696,-0.0121066857951696,-0.00018494265567928,1,-2.16840434497101e-19,-1.0842021724855e-19,1,0.0108928292712072,0.0022474278189531,0.0022474278189531,0.00832532837726788,0.00777044540459497,-0.0121069222538766,-0.0121069222538766,-0.00018488529156833,10.2293300867491,5.57735145513043,7.19375781921718,-7.08166749188285,7.19375781921718,-7.08166749188285,-38.3715926547162,-5.87161988133593,2.16840434497101e-18,-1.59333073818291e-19,-4.04535460096615e-19,0.000241322919250531,9.48363892019278e-12,6.09848644608069e-09,2.42270996661375e-11,3.72303578314499e-19,5.20417042793042e-18,1.19378066249447e-13
26,NC_k0025,8,8,-0.00115131578947369,-0.00115131578947369,0.01,1,0.349414726934808,-98.4567631256214,-60.3561670566381,-99.3418057156405,-60.3102410741011,97.2541413418098,61.0724165439166,98.5257727107855,59.9979524775171,1,1280,-0.343475953504379,-0.442395490541125,-0.25933757653503,0.0447032318665124,8.01648304312224e-19,3.8389821702593e-18,0,4.84533908184754e-19,-0.00030379564363797,0.000304350283385561,1,-1.15665275135922e-21,1.78579212354295e-19,1,-0.00763455358412233,-0.00511308436295233,-0.00511308436295233,0.0140282183419054,-0.00205238742742985,-0.00888579138831073,-0.00888579138831073,0.00596736686248431,1,0,1.6940658945086e-20,1,-0.00763443219933569,-0.0051131842278813,-0.0051131842278813,0.014028128176185,-0.0020523387104181,-0.00888596493892378,-0.00888596493892378,0.00596733726158308,-16.3434270386693,-14.2129963327476,-8.12184875285614,11.2098396866953,-8.12184875285614,11.2098396866953,-36.909426253763,9.64752348992294,3.03576608295941e-18,-3.55688911699697e-19,-2.1795321697455e-19,0.000510521454005787,5.13992427679996e-12,6.58237287946436e-09,1.24935719488931e-11,3.5526634825702e-19,8.67361737988404e-18,7.05882147620399e-14
27,NC_k0026,8,8,-0.00115131578947369,-0.00115131578947369,0.01,1,0.203691871971489,17.4395796931486,-94.4611250556358,17.5277016766932,-96.1879791004229,-17.1015916035639,96.4977421061752,-17.7355857719296,97.0362078121838,1,1280,-0.188795776179273,0.0215910777660687,-0.0551775504763561,-0.118352948765321,6.13059120729389e-19,9.29966075468867e-20,0,1.83912304399461e-19,3.94965240987208e-05,0.00192891214147848,1,4.61496685761461e-20,-5.33165236671668e-20,1,0.00138174908359249,-0.00623142958188207,-0.00623142958188207,-0.00146165364460813,0.0069875301218291,-0.000509136241330345,-0.000509136241330345,0.0175510349137461,1,-2.71050543121376e-20,0,1,0.00138173500471061,-0.00623155128949109,-0.00623155128949108,-0.00146163995588524,0.00698764161004838,-0.000509146185397558,-0.000509146185397558,0.0175510432427389,2.75452419927533,-15.2441511615947,-9.51544917865015,-2.30037273248826,-9.51544917865015,-2.30037273248826,-0.777649788923131,17.7112053480363,1.73472347597681e-18,-3.40108399680164e-19,-6.76932418346537e-19,7.17489798725801e-05,1.688015207357e-11,3.98562326658357e-09,2.23009448274485e-11,1.31445563416831e-19,1.04083408558608e-17,4.53871977024809e-13
28,NC_k0027,8,8,-0.00115131578947369,-0.00115131578947369,0.01,1,0.527840465012374,46.94643131473,51.4754067692759,46.1052878472224,52.3378644979179,-46.3818922550643,-53.4435209659835,-46.1436225472449,-54.41038491272,1,1280,-0.674272469422964,-0.322782495492069,-0.329028138421917,0.0114794744387569,8.90078323424077e-19,1.25359662995405e-18,0,6.67235866402291e-19,0.000392023893815604,-0.00155136056401977,1,4.06644274771025e-20,8.51374045856191e-20,1,0.00546780616345854,-0.0148737930887004,-0.0148737930887004,-0.000154353349661786,0.00196682104422621,-0.00420214574164678,-0.00420214574164678,-0.0112837554077873,1,0,0,1,0.0054677916838047,-0.0148740835924717,-0.0148740835924717,-0.000154312925414131,0.00196673359772409,-0.00420222781480579,-0.00420222781480579,-0.0112837134541288,7.601979477518,-55.7504679300819,1.3828823163208,-5.86948431228177,1.3828823163208,-5.86948431228177,-11.7968084187142,-11.3083243033974,3.46944695195361e-18,-2.75127741940154e-19,8.96933690094668e-20,0.000381311207941863,1.32888625291591e-11,4.56582284790211e-09,8.68807395123356e-12,2.74257641789685e-19,8.67361737988404e-18,1.11755432580873e-13
29,NC_k0028,8,8,-0.00115131578947369,-0.00115131578947369,0.01,1,0.426200804181052,-91.1852929114871,47.1058222597401,-92.0892959263634,47.7677384960745,91.2496615725087,-47.0392307991315,92.9181679489367,-47.6585624922457,1,1280,-0.20698411094803,0.333682282886162,0.0418103967395791,0.148367949951979,1.99871155102821e-18,-1.63716414017108e-18,0,-2.91366098965678e-20,0.000363077549946576,0.000666100960088722,1,7.2535345941801e-20,-2.59567053537203e-19,1,-0.00471347832099349,-0.00430342922469209,-0.00430342922469209,0.00798128353293045,0.0130887593471326,0.0111079045568512,0.0111079045568512,0.000928206497120306,1,0,0,1,-0.00471340835681155,-0.00430351327604414,-0.00430351327604414,0.00798122952482866,0.0130887341905412,0.0111081215081121,0.0111081215081121,0.00092830009592779,-13.4768237487804,-17.4637838185904,7.14623782051607,14.8922168545725,7.14623782051607,14.8922168545725,33.5626511930198,-6.62393477961527,2.60208521396521e-18,-1.66646751147415e-20,2.26418620916932e-19,0.000771106709954148,2.26897878533822e-11,5.34988536227973e-09,2.04613572768143e-11,6.01832572152637e-19,6.93889390390723e-18,5.75779386926888e-14
30,NC_k0029,8,8,-0.00115131578947369,-0.00115131578947369,0.01,1,0.320537221716072,-20.6795042718564,18.8133648433194,-20.0444057031436,18.8334119640967,22.1634121454491,-18.9197617964848,22.0400385745689,-18.8242926751143,1,1280,0.324393772457597,0.425428251961967,0.24744126805849,0.0397835019669847,-1.12891293895522e-18,1.17590313946626e-18,0,-6.3068826967099e-19,0.0019213909970472,-0.000387988966546931,1,9.68968962353998e-21,-2.14420803108141e-19,1,0.00884989807930435,0.00647985072343881,0.00647985072343881,0.0126933317263392,-0.00424549304752961,0.00927811762783744,0.00927811762783744,-0.00380295810394701,1,4.33680868994202e-19,0,1,0.0088499694418461,0.00647997728302325,0.00647997728302325,0.0126933655553492,-0.0042455105362534,0.00927829884107235,0.00927829884107235,-0.00380297991430111,-0.0324686922893075,21.3251340906669,2.58637412637788,8.5342659635885,2.58637412637788,8.5342659635885,32.0769936755703,-3.22772544010448,3.03576608295941e-18,-2.02620912031144e-19,2.62337460877301e-19,0.000213289775810927,1.4804127877454e-11,3.81722679497057e-09,1.42848392729605e-11,4.013509878454e-19,8.67361737988404e-18,1.75842151162819e-13
31,NC_k0030,8,8,-0.00115131578947369,-0.00115131578947369,0.01,1,0.466544345067845,57.2447555828662,-16.6095899244991,57.8257348352428,-16.5464545124741,-57.675847640316,16.3433163139828,-58.7953579752278,16.5260174592394,1,1280,0.27775402644518,-0.431719231661514,-0.0508085177213908,-0.0793210312169346,-2.10486694775959e-18,3.68805755296158e-18,0,6.53845466646282e-19,-0.000424583014107784,-0.000796878218037692,1,-2.99913863462939e-20,2.82454052826589e-19,1,0.00224963521138601,0.00750527742196521,0.00750527742196521,-0.00353491288320555,-0.0121081658433772,-0.012816905715274,-0.012816905715274,-0.00390302330741578,1,0,-2.16840434497101e-19,1,0.00224960382863733,0.00750542400941485,0.00750542400941485,-0.00353488777622675,-0.0121081648690219,-0.0128171560454637,-0.0128171560454637,-0.00390310246140558,7.9739991897967,26.7707586910338,-2.78309638451723,-10.7442116048695,-2.78309638451723,-10.7442116048695,-41.5325240460376,1.68792167651224,2.81892564846231e-18,2.50728982792446e-19,1.18971460972686e-19,0.000452821928734009,1.00716299970943e-11,6.15430901904495e-09,2.06092853292875e-11,5.45407120224367e-19,5.20417042793042e-18,9.09182476818889e-14
32,NC_k0031,8,8,-0.00115131578947369,-0.00115131578947369,0.01,1,0.476893516741278,48.5703953101566,-63.8680245253264,48.4204183619653,-64.6421040913863,-49.6169712301704,63.8877308653304,-50.0744507776103,64.0944736210068,1,1280,-0.400393706958725,-0.381806899757411,-0.258126200216312,-0.11761586686965,7.17710427380277e-19,7.78406528119298e-19,0,2.31947950914021e-18,-0.00154170455868454,-7.49603371744104e-05,1,6.62773013645201e-20,2.24154586878368e-19,1,-0.00489617049868362,-0.0095951032372957,-0.0095951032372957,-0.0131397015888722,-0.00314287102986019,-0.00907244958180329,-0.00907244958180329,0.00437295903755682,1,0,2.71050543121376e-20,1,-0.00489625478319111,-0.0095952906416558,-0.0095952906416558,-0.0131397053701464,-0.00314283132832664,-0.00907262677808418,-0.00907262677808418,0.00437292534231237,5.00516963598649,-29.7808530192861,-10.1893210726637,-11.391268774927,-10.1893210726637,-11.391268774927,-29.5444229274468,9.53282595940499,3.03576608295941e-18,4.45938431157986e-20,-1.96697685015391e-19,0.000451939585663142,7.67219768396707e-12,4.67562418346239e-09,1.48112941279554e-11,4.21365986200939e-19,8.67361737988404e-18,1.2701840134502e-13
33,NC_k0032,8,8,-0.00115131578947369,-0.00115131578947369,0.01,1,0.379667930093048,89.7632376883006,-46.2638705954881,91.1565264031867,-47.481398025849,-88.222699287121,47.5469172919013,-90.4319175586708,48.5798794049806,1,1280,0.56383299699802,0.0598829419897288,0.205826259865946,-0.148039418243939,-1.21902599488675e-18,6.62095283553862e-19,0,-5.71867180585473e-20,0.00134011939594426,0.000677980905536003,1,-7.36278780581864e-20,7.94143065726955e-20,1,0.0136913367855113,0.0110871636454645,0.0110871636454645,0.00148412401573944,-0.00614492925545893,-0.00329091592009189,-0.00329091592009189,0.00623130741358428,1,-1.0842021724855e-19,0,1,0.0136913142294451,0.0110873801916295,0.0110873801916295,0.00148422067073539,-0.00614486861373164,-0.00329098019579346,-0.00329098019579346,0.00623124719362534,16.0748528026066,41.7720254141511,-3.15741547323937,-9.65876861357867,-3.15741547323937,-9.65876861357867,-5.59320566470491,8.96487414214321,3.46944695195361e-18,-2.39875391885294e-19,-1.68300061593954e-19,0.000297190498833801,6.19897871648827e-12,6.33183927684076e-09,1.13445619339285e-11,1.72540838419267e-19,8.67361737988404e-18,1.18015822033696e-13
34,NC_k0033,8,8,-0.00115131578947369,-0.00115131578947369,0.01,1,0.485163004531572,-21.801894127598,70.6550370471488,-22.0195556186505,71.5046324500497,22.7849858286797,-72.5241293728034,23.6563325711587,-72.9797447389231,1,1280,-0.235766778474721,0.405991256317185,0.0561740776879885,0.0993145081113081,1.59203316595018e-20,-4.77709332089068e-19,0,-1.46994902788974e-18,0.00110264537664925,-0.0015292078514433,1,5.15835966259993e-20,-2.37716986281847e-19,1,0.00391322324877468,-0.00626045912008749,-0.00626045912008749,0.00480708725796237,-0.000209210142586536,0.012488685847635,0.012488685847635,-0.0128986124998242,1,1.0842021724855e-19,0,1,0.00391324890316561,-0.00626058139467968,-0.00626058139467968,0.00480710418321258,-0.000209304104079105,0.0124889297672804,0.0124889297672804,-0.0128985825413718,-1.40602441957558,-26.7597189853894,5.18542546852846,7.46812294618861,5.18542546852846,7.46812294618861,42.8021597509942,-13.8106536671474,3.46944695195361e-18,-3.9274020247619e-19,6.63765716601803e-19,0.00106531189559311,1.66795275634326e-11,5.29369945606154e-09,1.27630902544157e-11,4.9414973751163e-19,1.04083408558608e-17,1.58826954441053e-13
35,NC_k0034,8,8,-0.00115131578947369,-0.00115131578947369,0.01,1,0.386382190099548,32.3565911204,136.055668275208,31.4288094284781,138.345225742246,-32.2303407440651,-138.062292432722,-31.8712580359554,-139.253351226329,1,1280,-0.115199779987198,-0.460050903348295,-0.189832725500725,0.115010531086863,-2.73992273106486e-19,2.50632747753362e-18,0,1.7293786484488e-18,0.000172038813158425,-0.00135972727532878,1,1.23962776264566e-20,1.37518576009098e-19,1,0.00359295174533235,0.000616426183014777,0.000616426183014777,0.00199159317497654,0.00546833848355632,-0.00844327965108073,-0.00844327965108073,-0.0167795284827941,1,0,-3.3881317890172e-21,1,0.00359295756034158,0.000616438222588664,0.000616438222588664,0.00199161462825306,0.00546820223618344,-0.00844344455888641,-0.00844344455888641,-0.0167794474658411,4.88342540026624,-6.55051785586777,15.6249143327034,-5.16999288609104,15.6249143327034,-5.16999288609104,-27.5232624831078,-23.7456420503705,2.16840434497101e-18,3.98722844012938e-20,-8.1666479390521e-20,0.000361766573953959,1.25387634634048e-11,4.46338015422767e-09,1.57887153609923e-11,4.56487062436094e-19,6.93889390390723e-18,8.19287047597606e-14
36,NC_k0035,8,8,-0.00115131578947369,-0.00115131578947369,0.01,1,0.482897948784756,-48.2358501736711,-85.6948390087778,-47.3066517124977,-87.049701308122,48.1475158531377,85.6882725190113,48.4222135210791,86.4836706154962,1,1280,0.0197303096777641,0.590805249673855,0.20147673458605,-0.0444807972508975,-3.29581898411003e-18,2.42584500974718e-20,0,-6.77583895865329e-19,8.27679225977695e-05,-0.000671665532506822,1,8.9988117369818e-21,-1.54221343729657e-19,1,-0.00351465423052479,-0.00255730804241255,-0.00255730804241255,-0.000555357364942644,-0.0142628356337485,0.0131526284975548,0.0131526284975548,0.00209256844649203,1,2.71050543121376e-20,0,1,-0.00351464971738481,-0.00255735798983525,-0.00255735798983525,-0.000555381751186118,-0.0142627854859434,0.0131528853848301,0.0131528853848301,0.00209245887355417,-6.82971811024632,-4.19138150419711,-13.5715027632711,8.6353061428175,-13.5715027632711,8.6353061428175,43.1710248651405,12.522780052575,2.81892564846231e-18,4.26246416758723e-20,5.78775415555603e-19,0.000949250277341774,6.19093022655753e-12,5.98266436067441e-09,1.50337336478596e-11,4.96238858546489e-19,1.21430643318376e-17,1.40613136462205e-13
37,NC_k0036,8,8,-0.00115131578947369,-0.00115131578947369,0.01,1,0.257818749285932,-31.7172588159136,9.4178721528401,-32.9293159303662,9.74829026523313,31.9861702898506,-9.14768320064366,32.8530335210214,-10.1985926098668,1,1280,-0.552069998796901,-0.259466644521357,-0.267807092295033,0.0500909759692813,6.31395784821593e-19,-7.86751556961968e-19,0,9.03530485999155e-19,0.000502579521024864,0.000684873128692748,1,8.98190595236226e-20,-5.4702076997706e-21,1,0.000844162125238236,-0.0113505931958439,-0.0113505931958439,0.00945185736383171,0.0125214744945685,-0.00300099643370445,-0.00300099643370445,0.0039141427757966,1,0,0,1,0.00084422929176647,-0.0113508148871173,-0.0113508148871173,0.00945184047083614,0.0125214725926003,-0.00300105504691604,-0.00300105504691604,0.00391422492980223,-4.56364292159178,-39.8836652148607,1.13853621790695,5.11368475057554,1.13853621790695,5.11368475057554,-12.1688412181632,-1.03540346244133,3.46944695195361e-18,-4.42324075862433e-19,-2.15277511333464e-19,0.000273848707371909,7.46508904385243e-12,4.14380940401744e-09,1.61781371637105e-11,2.41583428831748e-19,8.67361737988404e-18,1.75515727411544e-13
38,NC_k0037,8,8,-0.00115131578947369,-0.00115131578947369,0.01,1,0.362511885655305,67.6806020612559,1.02628371743067,67.8095379056385,0.659259942860199,-67.2023999037375,0.692615724316594,-68.5244996288503,1.12698351891547,1,1280,0.316899870611381,-0.246795193610194,0.0231345434103793,-0.0710221670854612,1.89908481514484e-18,2.87897337746453e-18,0,-1.2737836798436e-18,4.79638888127409e-05,0.00193765304495064,1,-5.00271088975681e-20,1.85591638496545e-19,1,0.00526516256280188,0.00755071311183131,0.00755071311183131,-0.00336613753595378,0.011274254889374,-0.00828254755886329,-0.00828254755886329,0.0104031002784616,1,2.71050543121376e-20,0,1,0.00526512505407344,0.00755086058669677,0.00755086058669677,-0.00336609075464219,0.0112743035589197,-0.0082827093273703,-0.0082827093273703,0.0104031574553766,10.4002410246777,27.261671650798,5.54627769453901,-10.3113417121909,5.54627769453901,-10.3113417121909,-24.953166522636,3.19346042320764,2.60208521396521e-18,1.35108661187595e-19,-1.94244952750649e-19,0.000819973351949518,1.55256678079868e-11,8.08091211361855e-09,1.36373039192131e-11,3.95914335887881e-19,6.93889390390723e-18,2.51464730576607e-13
39,NC_k0038,8,8,-0.00115131578947369,-0.00115131578947369,0.01,1,0.0757964227824587,21.8807263271704,4.63513674551481,21.6338866549946,4.25592923714965,-22.1983971832431,-3.94753194306094,-22.2475663964075,-3.43875354275172,1,1280,-0.0879834217738735,0.142305634852402,0.0179263303159186,-0.0191552493742685,-1.84267716335988e-19,-3.63341841332626e-20,0,7.36447171162086e-19,-0.00100798763663815,0.00128307380400464,1,1.35063514847606e-20,-1.31856814510543e-19,1,-0.00447054075050219,-0.00322081580792181,-0.00322081580792181,-0.0124565213817698,0.0122190735985311,0.00371546962431562,0.00371546962431562,0.00716695275968236,1,2.16840434497101e-19,0,1,-0.00447062107038353,-0.00322087871448056,-0.00322087871448056,-0.0124565237135591,0.0122190962591382,0.00371554219208172,0.00371554219208172,0.00716702475740706,2.08762610929165,-10.8460776972904,2.90257719079158,-4.6235294335008,2.90257719079158,-4.6235294335008,13.7462321341189,1.17010510239599,1.73472347597681e-18,-2.30739592958143e-19,-1.51091528726198e-19,1.66017310990078e-05,4.25574764731819e-11,8.73757664586433e-09,4.36093528991865e-11,2.58089889887689e-19,6.93889390390723e-18,3.94742560488968e-13
40,NC_k0039,8,8,-0.00115131578947369,-0.00115131578947369,0.01,1,0.473826629653374,-59.7330780086113,49.9256427737853,-61.1230494046664,51.0969361597119,58.7079801891959,-51.5387463667038,60.5972402161407,-52.6520084911844,1,1280,-0.691067724063362,-0.11597090505545,-0.266322747609218,0.121426392891663,1.25828619257348e-18,-5.88667149894707e-19,0,5.93598344034119e-19,-0.000929225576373941,-0.000986250608540283,1,1.39801962756012e-19,-7.44306929928227e-20,1,-0.00936196115721762,-0.0143750446473943,-0.0143750446473943,-0.00123606231006255,0.00591636410265958,0.00222737079348689,0.00222737079348689,-0.00801369950739952,1,0,0,1,-0.00936194735405788,-0.014375325409985,-0.014375325409985,-0.00123612786138375,0.0059162909643231,0.0022274142968227,0.0022274142968227,-0.00801363660995857,-10.8314913188111,-53.6243894744311,2.48249858437518,6.43508650866095,2.48249858437518,6.43508650866095,3.81133988758554,-10.1733915468416,4.33680868994202e-18,-2.0828300018609e-19,2.48400743150387e-19,0.000361855963181221,4.83809212732478e-12,4.97303830716684e-09,1.00722344880498e-11,2.61552359456086e-19,1.21430643318376e-17,9.90523848495479e-14
41,NC_k0040,8,8,-0.00115131578947369,-0.00115131578947369,0.01,1,0.535602014433217,19.1127350358851,-32.7285652054109,18.685460396683,-32.6068867254389,-19.3327575058227,31.6733486714585,-19.3302415495814,30.8166071903326,1,1280,-0.525083369517171,-0.559381515949933,-0.357873412204126,-0.0495255064568756,8.84740251204401e-19,1.55313527337175e-18,0,9.50250198449892e-19,7.5578144467097e-05,-0.00144285714143766,1,2.33782547283762e-20,3.39727861599585e-19,1,0.00239448904696964,-0.0107100934987805,-0.0107100934987805,0.00459870799470201,-0.00943143305055485,-0.0118532853785697,-0.0118532853785697,-0.00538144038133594,1,0,2.16840434497101e-19,1,0.00239451688299243,-0.0107103026802941,-0.0107103026802941,0.00459871430514914,-0.0094314494394418,-0.0118535168880498,-0.0118535168880498,-0.00538149632093255,2.5562598475247,-36.2330379870548,-9.07727565931046,-4.1313996417933,-9.07727565931046,-4.1313996417933,-40.2255346573946,2.33815128744806,2.81892564846231e-18,-3.36668263366586e-19,-2.24272008874782e-19,0.000219688785920375,7.73686074427309e-12,4.82824874666091e-09,8.62738927249989e-12,6.98588330491482e-19,7.80625564189563e-18,1.24900555580212e-13
42,NC_k0041,8,8,-0.00115131578947369,-0.00115131578947369,0.01,1,0.30003526168478,-48.179021775796,16.1509074057457,-48.4636955935063,17.0391196586859,47.9207194771923,-15.9537891145525,48.2969620897673,-16.8013148928925,1,1280,0.21468370475059,-0.379209897974553,-0.0542936437639048,0.0701153255959134,1.42650053903478e-20,3.79824793672099e-19,0,-3.78115287072823e-20,0.00057885929275802,-0.0001543541376253,1,-2.70061264871372e-20,2.35351649731048e-19,1,0.000693404154477523,0.00813472975173026,0.00813472975173026,0.0151266557406844,-0.00346283095456102,-0.00928959031609185,-0.00928959031609185,-0.00249839192021467,1,0,0,1,0.000693513252531888,0.00813488863317072,0.00813488863317072,0.0151266238890163,-0.00346284079915283,-0.00928977175340271,-0.00928977175340271,-0.00249841118315642,-7.08911864068821,27.3234036028957,3.19007640662222,6.30549464786662,3.19007640662222,6.30549464786662,-34.9468475995042,-2.54821715308371,2.88668828424266e-18,-2.12893199343913e-20,3.25196544081731e-20,0.000273914088246702,1.19870994921627e-11,7.62361251266017e-09,2.39450583762731e-11,5.05698136021182e-19,1.04083408558608e-17,1.16430134379067e-13
43,NC_k0042,8,8,-0.00115131578947369,-0.00115131578947369,0.01,1,0.575006538639096,51.7330694558739,26.8091687824749,53.0325731807201,26.2845384298031,-50.0335147474784,-26.8206867186018,-51.1685929204406,-25.6350860546572,1,1280,0.549056412514127,0.696685518973195,0.411094837390797,-0.0325338605045764,-1.12664205244689e-18,-1.81888248585918e-18,0,-1.01223111747536e-18,0.0012891526054363,-2.72835061124587e-05,1,1.31776473271405e-21,-1.87010713157918e-19,1,0.00978896359714777,0.00931601071912623,0.00931601071912623,-0.00341841517630105,-0.0020515195720058,0.0139864037805132,0.0139864037805132,-0.0024237059209812,1,-1.6940658945086e-20,0,1,0.00978891466109034,0.00931619267246059,0.00931619267246059,-0.00341833513405015,-0.00205153231516544,0.013986676952462,0.013986676952462,-0.00242371502950853,10.6904720685196,30.9894820991464,4.78552783080745,-1.95837488890483,4.78552783080745,-1.95837488890483,52.4552161295401,-3.68770462630086,3.46944695195361e-18,3.16735025043924e-19,4.68790574315453e-19,0.000213309347712209,5.67743041058056e-12,5.07119826794483e-09,7.96051893284704e-12,4.29217306891285e-19,1.04083408558608e-17,9.55979689435726e-14
44,NC_k0043,8,8,-0.00115131578947369,-0.00115131578947369,0.01,1,0.0556457496108145,-4.56520377009908,14.1398332843785,-4.1877086948558,14.6423782472656,4.83114120657905,-15.6727063308886,4.90470729697521,-15.9672080605573,1,1280,0.0318851813714865,0.00933154791948677,0.0136015206660216,0.0197404698595248,-3.8552406809259e-20,2.77309543089694e-20,0,3.34428156611141e-19,0.00067831092624346,-0.00198311584062927,1,1.53456181380474e-20,2.86045806978424e-20,1,0.00349834465260774,0.00105725274737618,0.00105725274737618,0.00567869514329042,-0.0143226463588292,0.000335182333641108,0.000335182333641108,-0.0122125213151273,1,0,0,1,0.00349837770373268,0.0010572733968439,0.0010572733968439,0.0056787069019301,-0.0143227008386085,0.000335188880171062,0.000335188880171062,-0.0122125964015964,0.321657502827338,1.86386733286984,-2.26542381782136,2.18421618122705,-2.26542381782136,2.18421618122705,1.25589054457267,-5.288617342145,2.16840434497101e-18,2.37226117888798e-21,5.47921416298116e-19,1.12253988044193e-05,1.26525218613093e-10,2.24004296227202e-09,1.96469613270548e-11,1.57048333824445e-19,8.67361737988404e-18,8.62978654388305e-13
45,NC_k0044,8,8,-0.00115131578947369,-0.00115131578947369,0.01,1,0.498489656149015,-29.4481417202828,-3.5651853994595,-30.8071033295846,-2.92063032320663,27.9633871071662,3.77850595072424,28.8545713008823,2.71669691223044,1,1280,-0.481945371454961,-0.685281381830305,-0.38518482858421,0.0334370055376246,1.1381519949437e-18,2.55207607994522e-18,0,1.11866003526263e-18,-0.00132118104076043,0.000503504796565644,1,1.43483351446354e-20,2.27821296870766e-19,1,-0.00851380873607495,-0.00787971180468843,-0.00787971180468843,0.000459257358681309,0.00778578210790153,-0.0138707345613709,-0.0138707345613709,0.00349265014786155,1,0,-4.33680868994202e-19,1,-0.00851378458670773,-0.00787986570530961,-0.00787986570530961,0.000459193880449942,0.00778578868057813,-0.0138710054741553,-0.0138710054741553,0.00349269864565495,-7.24070850418252,-27.096450298136,-0.394337472188961,-1.08525020417281,-0.394337472188961,-1.08525020417281,-50.7788355198947,0.827304843908887,3.46944695195361e-18,-2.35572253837576e-19,-2.19816416866759e-19,0.000287706661282292,7.07192877198338e-12,4.34822814038509e-09,1.43722827412178e-11,5.19402939828444e-19,8.67361737988404e-18,1.24704232705517e-13
46,NC_k0045,8,8,-0.00115131578947369,-0.00115131578947369,0.01,1,0.513479589085363,-71.8443291722318,-50.3387092880946,-71.4640466274815,-51.423613507787,71.6600565850184,51.807581085125,72.2504335231327,52.6029056640076,1,1280,0.199094333091112,0.639157177530372,0.27662299850507,0.0179837160806432,-7.91997036651826e-19,9.66166807796638e-19,0,-4.59601400669163e-19,-0.000164108441648763,0.00142797460317729,1,-1.46963750492619e-20,-3.06497222064294e-19,1,-0.00654149191567826,0.00237477066938528,0.00237477066938528,-0.000361188515241833,0.00375017741096736,0.0144696732013101,0.0144696732013101,0.0113138683691724,1,0,-1.0842021724855e-19,1,-0.00654147859066271,0.00237481705162491,0.00237481705162491,-0.000361235544751677,0.00375025112050764,0.0144699558121148,0.0144699558121148,0.0113138682145431,-10.8864867791979,11.9973276249115,-3.44896038721098,11.4529007666833,-3.44896038721098,11.4529007666833,46.2363798852045,10.4094132685787,3.46944695195361e-18,3.38037191793982e-20,2.21411159266699e-19,6.02496204737283e-05,8.04644710570952e-12,4.29983115548397e-09,1.53999393827615e-11,6.95210342801323e-19,1.04083408558608e-17,1.42695967573469e-13
47,NC_k0046,8,8,-0.00115131578947369,-0.00115131578947369,0.01,1,0.494576981051894,-134.445682913114,-52.0628083595264,-134.647978048755,-52.4544183428021,134.077631557287,52.7470028703248,135.662129277076,52.3899594462391,1,1280,-0.0893121796534662,0.357369881371813,0.0884590415670615,0.0867729441124246,-8.47650575445007e-19,-4.74581641562499e-18,0,1.12956696309288e-18,0.000499750252050024,0.00030428514949319,1,1.31283554117026e-20,-2.01917701961967e-19,1,-0.00666227389545113,-0.00203310119108945,-0.00203310119108945,0.0148185363540504,-0.00281435699595961,0.0097893019387532,0.0097893019387532,0.00530476659841745,1,0,-5.42101086242752e-20,1,-0.00666214909593219,-0.00203314090009709,-0.00203314090009709,0.0148184513800317,-0.00281431127169986,0.00978949313605668,0.00978949313605668,0.00530473303436084,-20.0192076813405,-3.90119330763753,-6.70823862298199,20.7124738050264,-6.70823862298199,20.7124738050264,26.5517269551248,8.61847779774789,2.60208521396521e-18,-4.3970184688717e-19,1.0257886130661e-19,0.00106697391040581,8.85798460356254e-12,5.95790380021796e-09,1.35159538760786e-11,4.68516730667762e-19,6.93889390390723e-18,5.22898228538121e-14
48,NC_k0047,8,8,-0.00115131578947369,-0.00115131578947369,0.01,1,0.547475000898104,-3.04288681767914,75.5410884433285,-2.79994671754278,76.1601806064233,2.96399759354092,-75.1273369896113,2.97290171385538,-74.4799701442554,1,1280,0.57432359826793,0.39259014787387,0.319081536226797,0.0784698086274161,-1.10956022134393e-18,2.82254428791536e-19,0,-5.52323935706424e-19,-0.000453346931194942,0.000991116539005959,1,-1.58827915324579e-20,-2.18864359556074e-19,1,-0.00322042004354662,0.0129470972600951,0.0129470972600951,-0.00756834716060175,0.00988741323463333,0.00818138711367099,0.00818138711367099,-0.00016016541832599,1,-2.16840434497101e-19,0,1,-0.00322046761342318,0.0129473501330885,0.0129473501330885,-0.00756835227025256,0.0098873879223543,0.00818154690638805,0.00818154690638805,-0.000160092609719734,-0.732261320112069,41.3003978183754,14.2516180610033,0.5430159928614,14.2516180610033,0.5430159928614,28.1796222358309,-9.74950764556247,2.81892564846231e-18,3.29623658556035e-19,5.94874227881761e-20,0.000663963764349824,1.72876628439065e-11,4.29097804047146e-09,2.20694073180517e-11,4.26922975475564e-19,8.67361737988404e-18,7.51176015670258e-14
49,NC_k0048,8,8,-0.00115131578947369,-0.00115131578947369,0.01,1,0.480445184739807,-73.1341288931058,55.1693515577094,-73.1921647805237,56.5774609820257,71.6878789737892,-55.6579031405452,72.6283709196187,-55.9692219448465,1,1280,0.496089847669707,-0.0636935940023669,0.1426907637102,0.133268505996615,-8.09629494315878e-19,2.44707046426529e-19,0,-2.26667009301986e-18,-0.000887538253977074,-0.000586248028614748,1,-9.63212470340127e-20,7.91161998024808e-20,1,-0.0095981772077724,0.0143184260441409,0.0143184260441409,0.00264488798011918,-0.00547214519221274,-0.00197937105098254,-0.00197937105098254,-0.00787400499854834,1,6.7762635780344e-20,0,1,-0.00959813440298443,0.0143187057008995,0.0143187057008995,0.00264481122372366,-0.00547218950341831,-0.00197940971057338,-0.00197940971057338,-0.00787402585409174,-12.7639527817233,46.4528804500905,8.39113433011907,7.36603751576916,8.39113433011907,7.36603751576916,-11.5260026394096,-9.05520945191408,3.46944695195361e-18,5.03505196482535e-19,1.80259757141437e-19,0.000661496662307798,1.41853781550794e-11,4.48155112058247e-09,8.59990044061117e-12,2.94908999279972e-19,8.67361737988404e-18,8.22040732840106e-14
50,NC_k0049,8,8,-0.00115131578947369,-0.00115131578947369,0.01,1,0.241521300364561,55.4883927904704,-30.8398242930541,56.9184768159822,-31.6727351867024,-55.4240493193591,30.8365238365636,-56.7225430145679,32.1590726720533,1,1280,0.52498708196142,0.303857875953071,0.273518836111799,-0.0983527754363177,-4.70332139028943e-19,5.77264534082381e-19,0,-6.70632821451175e-19,-0.000343982637854188,-0.000480509859480874,1,-2.17283000286332e-20,-3.04625527379922e-20,1,0.00157454726667927,0.00976867116296737,0.00976867116296737,-0.0112931204706938,-0.0126793367371587,0.00350337763604774,0.00350337763604774,-0.00123290700954228,1,-2.16840434497101e-19,0,1,0.00157446070928503,0.00976886195732602,0.00976886195732602,-0.0112930813672703,-0.0126793148118273,0.0035034460613922,0.0035034460613922,-0.00123299686575127,8.55729196703901,35.7274444271858,-3.85038785182069,-7.86575999682896,-3.85038785182069,-7.86575999682896,15.3785286566359,4.70201741471207,1.95156391047391e-18,3.99285401481535e-19,-1.6094349349142e-19,0.00041773083286834,7.7285875535692e-12,4.76060028400896e-09,1.21367461566721e-11,1.95516671371235e-19,8.67361737988404e-18,1.24983171660294e-13
51,NC_k0050,8,8,-0.00115131578947369,-0.00115131578947369,0.01,1,0.347454734346054,-144.968362539942,72.106423017317,-146.334334031104,73.9953713289338,143.021269352264,-72.75052766727,145.618464549178,-73.9780531683839,1,1280,-0.0940048109829614,-0.083676294641084,-0.0586347648559371,0.232154341213961,-1.52327239889736e-18,-5.78526535970266e-19,0,2.23681107872166e-18,-0.00121098892651288,-0.000173143135021278,1,3.67490331730838e-21,-1.67557741226233e-20,1,-0.0164440485414028,0.001712164880368,0.001712164880368,0.00689250589615461,0.00645796550210893,0.00163830469021281,0.00163830469021281,-0.00589624972143269,1,2.71050543121376e-20,1.0842021724855e-19,1,-0.016443957912579,0.00171219832108832,0.00171219832108832,0.00689236862893898,0.00645790655016883,0.00163833668835129,0.00163833668835129,-0.00589618802673975,-24.5587259751834,1.63234444000796,9.7225440053927,17.0077855977262,9.7225440053927,17.0077855977262,-3.30770026810061,-11.7301876848304,1.62630325872826e-18,-1.84497817388971e-19,-3.18585416575514e-20,0.00107576194517808,8.94894489353841e-12,2.75883987761276e-09,1.69719722305087e-11,1.53194185184861e-19,1.04083408558608e-17,9.54007291063327e-14
52,NC_k0051,8,8,-0.00115131578947369,-0.00115131578947369,0.01,1,0.222286162133006,-36.9493388460282,-114.051670425819,-36.3966259646502,-115.779841226385,37.5260649658916,116.22570417197,37.1294320963264,116.642385785304,1,1280,0.102655985827287,0.155962623475852,0.0853441410700265,-0.0832205304847276,-2.58621327237154e-19,7.98032973581626e-19,0,-9.91567215195598e-19,0.00100522688806187,0.00145890344858706,1,2.05401814010807e-20,-4.54178044859191e-20,1,0.00312673908891715,0.000957244486943936,0.000957244486943936,0.0114337576136561,-0.00281773145494278,0.0016217794992341,0.0016217794992341,0.0157482250808751,1,-2.16840434497101e-19,0,1,0.00312681519861869,0.000957263183125322,0.000957263183125322,0.0114337526001298,-0.00281760923227018,0.00162181117461494,0.00162181117461494,0.0157481659953785,-4.22414472238667,10.7545659934759,-12.115119421116,7.44697643580183,-12.115119421116,7.44697643580183,3.97050621504087,20.4011428468704,1.30104260698261e-18,-2.49554661844414e-19,-4.95212293290298e-20,0.000260447888775833,4.3323093722162e-11,3.1117614480017e-09,2.80761025274826e-11,1.2247881322723e-19,1.04083408558608e-17,2.80035893337672e-13
53,NC_k0052,8,8,-0.00115131578947369,-0.00115131578947369,0.01,1,0.659523781481768,98.2039888758602,60.0646136584768,97.9404269033626,61.0120459818251,-98.5338297744312,-60.7686654817586,-99.5388378188024,-60.9595541569653,1,1280,0.0445128534630186,-0.609240390014647,-0.186360087062054,-0.0381555952043079,-7.76526277655247e-19,3.23206155685566e-18,0,9.01489555701116e-19,-0.000855147867933672,-0.00034687048643775,1,-6.59481932409847e-20,3.93845940177677e-19,1,0.00261780353728338,0.00293059111048586,0.00293059111048586,-0.0105468976187944,0.00302736868501016,-0.015038295014095,-0.015038295014095,-0.00616493413720395,1,0,2.71050543121376e-20,1,0.00261771989837617,0.00293064834859348,0.00293064834859348,-0.0105468526961669,0.00302731614064713,-0.0150385887307945,-0.0150385887307945,-0.00616489691298474,13.5720045695215,6.51905421641234,7.90991672660092,-17.4578887102101,7.90991672660092,-17.4578887102101,-47.1491184932417,-9.98895897326676,4.33680868994202e-18,-1.21198745603305e-19,-5.22037990883456e-19,0.00101993941603708,5.66017629650081e-12,5.49460444288029e-09,8.53043655318775e-12,8.20849410919224e-19,1.38777878078145e-17,7.53205700227368e-14
54,NC_k0053,8,8,-0.00115131578947369,-0.00115131578947369,0.01,1,0.289901612011238,-3.82466951962303,-136.504312410164,-3.02588046750468,-138.480780426732,2.95774305380765,138.585472129159,2.18167285280368,139.617234546783,1,1280,0.17980528613105,0.00278840316888941,0.0602559174689837,-0.144730664446801,-5.41638899075488e-20,9.81711185867734e-19,0,2.8665094889263e-18,-0.000954785024289682,0.00134565061678119,1,-2.90043339655201e-20,4.26518977940519e-20,1,-0.00534594159204217,0.00258142334671432,0.00258142334671432,-0.00544452772527846,-0.00724818554560278,-0.00326677755462682,-0.00326677755462682,0.0164895800599435,1,0,2.71050543121376e-20,1,-0.00534596841733901,0.00258147376513906,0.00258147376513906,-0.00544455358782009,-0.00724804707654584,-0.00326684135887593,-0.00326684135887593,0.0164894867148832,-1.9858490636041,17.7173295715123,-15.1391761766451,-2.28711269269196,-15.1391761766451,-2.28711269269196,-12.0267157105135,23.8688786887377,1.73472347597681e-18,1.95805331617295e-19,-5.30490100941905e-19,0.000679608247581063,1.43205774604998e-11,3.50986780645592e-09,1.56584823836432e-11,1.69594936732971e-19,1.04083408558608e-17,1.88818886931234e-13
55,NC_k0054,8,8,-0.00115131578947369,-0.00115131578947369,0.01,1,0.36006243401843,-64.6825863590116,-100.234189637031,-64.7951932769889,-100.907430029502,62.8926562239407,100.284911179793,63.6748458941301,100.072686993481,1,1280,-0.308309236532876,-0.251405641342271,-0.184705909698794,-0.0372335195354088,1.12945446652957e-19,4.79625926801283e-19,0,2.41879081348333e-18,-0.00132944893798285,-0.000655705458189252,1,1.17187963587524e-20,1.6912983207337e-19,1,-0.0113430168402953,-0.00634342003889685,-0.00634342003889685,0.000163527106001504,-0.0137305766224986,-0.00563256556312674,-0.00563256556312674,0.00328872632599214,1,0,0,1,-0.0113429879496748,-0.00634354393381948,-0.00634354393381948,0.000163443628028781,-0.013730519013232,-0.00563267557417289,-0.00563267557417289,0.00328861773112839,-12.2966606292142,-16.600411956062,-15.8687515257432,4.77746508830707,-15.8687515257432,4.77746508830707,-24.0116544451939,14.4955543853795,2.16840434497101e-18,1.40182889762821e-19,1.72151621123391e-19,0.00036332069622448,9.14894067396928e-12,6.78092538571249e-09,1.46242927104817e-11,2.95131668785283e-19,5.20417042793042e-18,9.4521106254533e-14
56,NC_k0055,8,8,-0.00115131578947369,-0.00115131578947369,0.01,1,0.54044124317265,-67.8406475534053,99.0562420771425,-68.292726113915,100.59445029292,68.0053628039844,-98.9539073289066,68.963424391285,-99.530267111551,1,1280,0.421061362248434,0.144484066741221,0.186629991566613,0.176514598679317,-9.58793871270082e-19,-4.27307718101352e-20,0,-2.23046274324719e-18,0.000670789537105357,0.000538110879121453,1,2.8965908206919e-20,-1.39373429609669e-19,1,-0.000946888973156346,0.0120044002480288,0.0120044002480288,0.0111505857370525,0.00975143128445296,0.00417145617530866,0.00417145617530866,-0.00426271685200356,1,0,0,1,-0.000946804992086557,0.0120046347089711,0.0120046347089711,0.0111505515787208,0.00975137625617698,0.00417153764906209,0.00417153764906209,-0.00426263502336414,-9.52732763813654,36.3455724576866,16.392388309828,11.2466521162115,16.392388309828,11.2466521162115,10.904067397286,-14.3375260082443,3.68628738645072e-18,3.90589483883714e-19,-9.7656148988238e-20,0.000957127139729269,1.50536698232685e-11,4.19213927010147e-09,1.48663292308217e-11,2.8593504647325e-19,8.67361737988404e-18,8.71138568881311e-14
57,NC_k0056,8,8,-0.00115131578947369,-0.00115131578947369,0.01,1,0.0957199986010068,-33.1787723014628,47.3132925090918,-33.592690708391,48.2187819738901,31.5266149748054,-48.4771363541011,32.6025348744934,-48.4897587275327,1,1280,-0.0565990008238685,0.0757073449482429,0.0063057535610465,0.0838832155306232,5.27120845349417e-19,-8.90126299899605e-20,0,-1.6345339643171e-19,-0.00190562904275904,-0.000720696808656715,1,-3.79399707550199e-20,-7.40805039620998e-20,1,-0.0130849159121108,-0.000564617477839249,-0.000564617477839249,-0.0128578700403618,0.000337649338865145,0.00341650191747311,0.00341650191747311,-0.00716623110663764,1,0,0,1,-0.0130849781403681,-0.000564628505524363,-0.000564628505524363,-0.012857934485864,0.000337596027481703,0.00341656864602618,0.00341656864602618,-0.00716621113793861,-7.84662261193728,-5.07874055298357,4.73366581207675,0.646397238745107,4.73366581207675,0.646397238745107,9.12546749479354,-8.6377541778443,1.73472347597681e-18,3.32245751189196e-19,2.44418902659524e-19,5.80563400592449e-05,7.8690659748052e-11,3.96842334965653e-09,2.7566673751068e-11,1.7410395326902e-19,5.20417042793042e-18,5.25480183620608e-13
58,NC_k0057,8,8,-0.00115131578947369,-0.00115131578947369,0.01,1,0.583229292296312,-32.1395912059745,-22.2009117984904,-32.4019576043435,-21.8874292966053,30.4694192452095,23.3794509520742,30.5699058102756,23.170246029489,1,1280,0.288874911094338,-0.517128391048067,-0.075323648384726,0.0102231538065276,-5.4751443189817e-19,3.50993303130815e-18,0,5.96327316272508e-19,-0.0013470193139926,0.000938785755559465,1,-2.74999802799062e-20,3.61485650927154e-19,1,-0.00874049705452371,0.00970397016124898,0.00970397016124898,0.000396105896908981,-0.000359444000503648,-0.0138470573277066,-0.0138470573277066,0.00611633696272485,1,0,0,1,-0.00874047281425333,0.00970415969191619,0.00970415969191619,0.000396040912541159,-0.000359398325564957,-0.0138473277780451,-0.0138473277780451,0.00611631939761508,-7.49810836295279,35.6240185162559,0.650577061195242,-0.992217644950409,0.650577061195242,-0.992217644950409,-50.7932613320644,5.30777957270481,4.33680868994202e-18,3.60050699325146e-19,-2.72744786274839e-19,0.00104761254116924,1.58392541481009e-11,6.16436276023057e-09,1.27348719983801e-11,7.71068620994934e-19,1.38777878078145e-17,1.08544595520788e-13
59,NC_k0058,8,8,-0.00115131578947369,-0.00115131578947369,0.01,1,0.25273518067792,112.147507195029,47.9460377728612,112.465885590969,48.1091333861672,-111.518185945631,-49.486708859644,-112.549950752547,-49.0025293469789,1,1280,-0.126610288005506,0.0391814426778967,-0.0288515189581005,-0.0682745593155111,2.57211811473364e-21,-3.1825222614236e-19,0,-1.72865307318815e-19,-0.000279488699094845,-0.00113424914684229,1,-1.80409182866442e-20,7.57180201984326e-21,1,0.00572346562335538,-0.00470009187908999,-0.00470009187908999,-0.0160558367440877,-0.000666340657392888,0.00100947961288123,0.00100947961288123,-0.00926812413992542,1,0,5.42101086242752e-20,1,0.00572333405359011,-0.0047001836777595,-0.0047001836777595,-0.0160557556253533,-0.000666406912353245,0.00100949932927992,0.00100949932927992,-0.00926810639309396,17.2461456625693,-19.7546045465509,3.23458487388458,-15.4995261189773,3.23458487388458,-15.4995261189773,9.93399624410269,-9.4984476995168,1.84314369322536e-18,-2.81101772704223e-19,6.58211278029359e-20,0.000523267546064048,1.10544882580633e-11,4.60582629457437e-09,1.30443395032945e-11,1.39158108600686e-19,7.80625564189563e-18,1.02776466789345e-13
60,NC_k0059,8,8,-0.00115131578947369,-0.00115131578947369,0.01,1,0.480302796091553,149.18453093829,-70.0135319894107,150.201591686093,-71.645433029987,-147.958440660553,70.5558131701921,-150.421729569369,71.5730914382234,1,1280,-0.0196223222090797,-0.175451208949911,-0.0643742652824572,-0.233086309178092,-2.94551847231491e-19,1.25796138631962e-18,0,-2.83265243500076e-19,0.000411608663812815,0.000173733980882652,1,-6.98451969670122e-20,1.48288184777582e-19,1,0.0125934877014677,-0.00328537948333291,-0.00328537948333291,-0.0106863504327794,-0.00533084528573011,-0.00734647189427623,-0.00734647189427623,0.00583298404228314,1,-1.0842021724855e-19,-5.42101086242752e-20,1,0.0125933786864799,-0.00328544365090094,-0.00328544365090094,-0.0106862321055979,-0.00533078954892003,-0.00734661538005541,-0.00734661538005541,0.00583293075732245,23.8070472157058,-7.25535501070314,-9.61693514548988,-20.2583339445595,-9.61693514548988,-20.2583339445595,-16.7401468868122,11.2802661582909,2.38524477946811e-18,3.29432611813523e-19,-3.68992888270654e-19,0.00136086022100266,1.1357533818595e-11,4.1823924062144e-09,1.33298708745258e-11,3.58029917459652e-19,6.93889390390723e-18,4.79867747632745e-14
61,NC_k0060,8,8,-0.00115131578947369,-0.00115131578947369,0.01,1,0.272859506993327,60.0507351813442,120.092117076848,59.6707050109934,121.291026390428,-58.4107043870842,-120.750271083524,-58.8118345118086,-121.098842878461,1,1280,0.0733915199539917,0.0454837555225025,0.0392288409072385,0.0660710226779221,7.56473213791995e-19,-2.3195798737212e-19,0,-6.08989667842499e-19,0.00129113400579484,0.000177016238749615,1,1.06078292073008e-21,-9.81097997961594e-20,1,0.0110124244131944,0.00201889622432736,0.00201889622432736,0.00192426675443054,0.0147006014428568,0.0022188640864324,0.0022188640864324,-0.00706517681456636,1,0,0,1,0.0110124116211433,0.00201893565589424,0.00201893565589424,0.00192434271391903,0.0147005138058161,0.00221890742362159,0.00221890742362159,-0.00706505189517881,11.3076435083218,0.0783932073366775,16.9073999175281,-4.70502563453828,16.9073999175281,-4.70502563453828,11.7930008435823,-18.6378088072873,1.51788304147971e-18,-5.24076120792392e-20,-6.52375692886729e-20,0.000493403046176212,5.23808414092109e-11,4.33703024762106e-09,1.88177110827975e-11,2.05257561795922e-19,6.07153216591882e-18,1.13289352419373e-13
62,NC_k0061,8,8,-0.00115131578947369,-0.00115131578947369,0.01,1,0.196368832955658,49.4806503948917,-37.3684755884135,49.6730114753159,-38.1162286351599,-47.6477704440454,37.503996792606,-48.5538107241039,37.2531216010823,1,1280,-0.273693981065266,-0.10468031087168,-0.124863516339192,-0.0885034195333911,1.1021702586831e-18,4.6255677913438e-19,0,-4.45107541976009e-19,0.001972364528179,-0.000199965267249496,1,5.11196566899902e-20,5.42702329760523e-20,1,0.0144410819694882,-0.00741668693217575,-0.00741668693217575,0.0110534261280014,-0.00211563498216453,-0.00256145906364692,-0.00256145906364692,0.00179796924916267,1,0,0,1,0.0144411276706514,-0.00741683178934239,-0.00741683178934239,0.0110535049117411,-0.00211561664831998,-0.00256150909214425,-0.00256150909214425,0.0017979493642159,10.4754090298131,-23.8298559660423,-6.60752526952127,-2.47054029464607,-6.60752526952127,-2.47054029464607,-5.1747962260401,5.26288433747164,3.46944695195361e-18,-5.62077955666799e-21,-1.05923927502573e-19,0.000312130834989822,1.03560833004606e-11,3.85203431123901e-09,1.09958380033757e-11,3.3323544767167e-19,8.67361737988404e-18,5.24941648315016e-13
63,NC_k0062,8,8,-0.00115131578947369,-0.00115131578947369,0.01,1,0.70007525458508,29.5194075197277,-100.056673240368,29.6422046202796,-101.712278389065,-29.3523546752175,100.151102560166,-29.6553847525865,100.524951485829,1,1280,-0.61315611507599,0.0703395180200027,-0.179129477028459,-0.13589028527226,9.46828427982631e-19,-7.63206463978177e-20,0,2.81343647791741e-18,-0.000218330683641717,-0.000154805556384887,1,7.0379005676185e-20,-4.80486546499376e-20,1,0.000514545245127714,-0.016965264742165,-0.016965264742165,-0.00641988876246026,-0.00428897221301671,0.00241466856620863,0.00241466856620863,0.00681719566742371,1,0,-5.42101086242752e-20,1,0.000514496968244088,-0.016965596094992,-0.016965596094992,-0.00641986932026178,-0.00428891181126081,0.00241471572770406,0.00241471572770406,0.0068171476105089,4.36069137249043,-53.4170531102008,-16.4702329799113,-3.98556742709615,-16.4702329799113,-3.98556742709615,10.0232923788295,14.8806127598997,4.33680868994202e-18,-2.02947270845086e-19,-9.10024017211564e-20,0.000937104814297289,9.6768647044318e-12,4.78991293899968e-09,1.97665554370759e-11,2.31137335600794e-19,1.04083408558608e-17,1.29267311843712e-13
64,NC_k0063,8,8,-0.00115131578947369,-0.00115131578947369,0.01,1,0.402549444116812,79.9496587520747,-14.7018586137348,80.3245898752748,-15.8198264094112,-77.8027547616702,14.8340602338879,-78.863934550765,15.3590632452489,1,1280,-0.271227154037676,0.350510242886277,0.026163419320037,-0.0994373699654564,1.17105007081241e-18,1.92522537686274e-18,0,4.20690411064363e-19,0.0015362579232527,0.000360668225524434,1,8.23565646929496e-20,-2.03136777951209e-19,1,0.0132846561620654,-0.0098562838037297,-0.0098562838037297,-0.00177196758404015,0.00616208488741966,0.00847158768275763,0.00847158768275763,0.0036732306067995,1,0,0,1,0.0132846107505446,-0.00985647630927274,-0.00985647630927274,-0.00177186595821966,0.00616209674681159,0.00847175314345456,0.00847175314345456,0.00367326677140901,15.0675177893409,-33.347464466469,-2.80574546590596,-5.82957527595496,-2.80574546590596,-5.82957527595496,34.8882919056118,2.55408779626599,3.03576608295941e-18,-5.82646122903193e-19,1.54564309591679e-19,0.00058623636256204,1.9135231542223e-11,6.27304937784903e-09,1.7676464234766e-11,4.46666163000942e-19,1.04083408558608e-17,1.20403190811723e-13
