Case,LoadCase,strain0,StepTime,ALLSE,RF_LEFT_x,RF_LEFT_y,RF_RIGHT_x,RF_RIGHT_y,RF_BOTTOM_x,RF_BOTTOM_y,RF_TOP_x,RF_TOP_y,Volume,nBndNodes,Savg_11,Savg_22,Savg_33,Savg_12,Eavg_11,Eavg_22,Eavg_33,Eavg_12,Uavg_1,Uavg_2,Fbar_11,Fbar_12,Fbar_21,Fbar_22,G111,G112,G121,G122,G211,G212,G221,G222,Fbar_11_int,Fbar_12_int,Fbar_21_int,Fbar_22_int,G111_int,G112_int,G121_int,G122_int,G211_int,G212_int,G221_int,G222_int,Q111,Q112,Q121,Q122,Q211,Q212,Q221,Q222,fitResidMax,c1_fit,c2_fit,ALLSE_std,HillResid,QSymResid,ForceBalanceResid,KubcErrF,KubcErrG,EnergyConsistencyResid
1,NC_k0000,0.01,1,0.318959504318631,35.4156833003768,-1.6947954921018,35.4157075755061,-1.69481651804651,-37.0518855827675,3.18830970551961,-37.0518643876826,3.18829344938713,1,400,-1.33709883443078e-13,-3.97071698438056e-14,-5.86257245957547e-14,2.92918900940409e-15,-2.94293656589626e-18,2.02559988401985e-19,0,1.75719631885865e-19,-0.00152708936276012,0.000837746542760305,1,5.04025784279829e-20,-7.47626203424673e-20,1,-0.00523340711650885,0.0100210450899222,0.0100210450899222,-0.0151659745678761,0.00104088811922811,-0.00481258406506862,-0.00481258406506862,0.00423543471264214,1,0,0,1,-0.00523441372942353,0.0100230492989402,0.0100230492989402,-0.0151659879240456,0.00104117975462858,-0.00481354658188163,-0.00481354658188163,0.00423540689338327,4.52877766632334,35.1244902809849,3.02749845448427,-9.84501699202287,3.02749845448427,-9.84501699202287,-14.9039113661861,1.82514530469335,1.73472347597681e-18,-9.42299026629129e-19,2.02093981672372e-19,0,12.618116595419,6.37872087573737e-15,2.15690492267819e-13,7.47626203424673e-20,1.04083408558608e-17,7.48364438314265e-15
2,NC_k0001,0.01,1,0.189447543886725,100.320052433756,17.4233448205713,100.320022743243,17.4233705669357,-97.8145223933394,-18.8631241672327,-97.814550309577,-18.863103048303,1,400,2.65488043875439e-14,-6.55356845180588e-15,7.18806220555597e-15,-2.82486707636753e-14,7.28926445032754e-19,-3.92930643297389e-19,0,-1.34528684358684e-18,0.00165943222567347,-0.00121968611257614,1,3.75277854181377e-20,9.87165838666119e-21,1,0.0167936705423597,-0.000560010168439073,-0.000560010168439073,-0.00184734565890284,-0.00691428473759986,0.00121998686912674,0.00121998686912674,-0.00805919542814356,1,0,0,1,0.0167931121496717,-0.000560122170472761,-0.000560122170472761,-0.0018460399499707,-0.00691471632013853,0.00122023086650056,0.00122023086650056,-0.00805951251961318,18.9966595432536,-3.52814831137258,-0.269310858608666,-10.8558379241954,-0.269310858608666,-10.8558379241954,11.0996828371734,-4.40872366872593,1.30104260698261e-18,-1.1403401159472e-18,-1.87621320778596e-19,0,42.88829697407,2.58084578795635e-14,1.51305444423444e-12,3.75277854181377e-20,7.80625564189563e-18,1.43577813389759e-14
3,NC_k0002,0.01,1,0.669091000386098,-77.1446853758958,41.6910852513878,-77.1446903633523,41.6910895686829,77.4370125269545,-42.0315695126743,77.4370083455477,-42.0315662802349,1,400,-1.05155033985893e-13,-1.94401352654472e-13,-1.02089059070062e-13,-5.16561619867684e-14,-9.16327935119399e-19,-3.85568074101177e-18,0,-2.59697654650208e-18,-6.85215247317383e-05,-0.000499919316804403,1,7.0055910311155e-20,3.75288633098225e-19,1,-0.0072609762275046,0.00798862637180394,0.00798862637180394,0.00271554906894998,-0.00216661494335417,0.0151594699561672,0.0151594699561672,-0.00644841969049436,1,-1.35525271560688e-20,0,1,-0.00726059103691874,0.00799022409707831,0.0079902240970783,0.0027149366070062,-0.00216704440945738,0.0151625018501584,0.0151625018501584,-0.00644842097612286,-12.6912097616111,24.8018690933189,6.24012534446788,13.6410178593096,6.24012534446788,13.6410178593096,47.518963319439,-7.34640943717849,8.67361737988404e-19,-5.40839602237646e-20,-2.57159103324928e-19,0,6.74137273317435,1.1153061416682e-14,7.60515640595583e-13,3.75288633098225e-19,3.46944695195361e-18,3.81639112641533e-15
4,NC_k0003,0.01,1,0.248836085280454,-74.8682563254997,6.51290401983346,-74.8682280877858,6.51287959298195,73.4931447998154,-4.37037524076713,73.493167367543,-4.37039285566944,1,400,-9.59460375732357e-14,-2.28372008803657e-14,-3.67748252228623e-14,1.85747684594562e-14,-2.07384105734395e-18,3.54853865340348e-19,0,9.27779009929277e-19,-0.000598749401158511,0.00170354575423792,1,6.75984542736482e-20,-4.6840376892937e-20,1,-0.0089034159467886,0.00659383141145556,0.00659383141145556,0.00818599167466987,0.011081958503288,-0.00383992549913756,-0.00383992549913756,0.00852556625629546,1,0,2.16840434497101e-19,1,-0.00890257941201434,0.00659515017773785,0.00659515017773785,0.00818511926868199,0.0110823208717946,-0.00384069348423739,-0.00384069348423739,0.0085261842640268,-13.7496859531413,23.0815581940279,5.84382876836465,9.28178679488792,5.84382876836465,9.28178679488792,-18.2023286549423,1.11757488710018,8.67361737988404e-19,3.33084631149765e-20,-2.59142113188033e-19,0,9.84382323893209,2.02658570398464e-14,4.18879071133746e-13,6.75984542736482e-20,1.73472347597681e-18,1.89620723591553e-15
5,NC_k0004,0.01,1,0.168725539581474,20.3846403099358,-12.6953791457783,20.3846257078511,-12.6953665997879,-21.1158023265889,10.4809547471579,-21.1158082974132,10.4809603204034,1,400,8.22822712742699e-14,4.11365819880105e-14,4.07257342076045e-14,1.84422789539784e-15,1.66940267736472e-18,2.34264166919918e-19,0,1.23905038315543e-19,-0.000866133323734053,-0.0018062908704281,1,-1.10293311991719e-19,-8.92887858930325e-21,1,-0.00312662682058422,-0.00671160527592423,-0.00671160527592423,-0.0103971201687872,-0.012762173308884,0.000548361139259962,0.000548361139259962,-0.00859678335400792,1,0,0,1,-0.00312732843892636,-0.00671294759697941,-0.00671294759697941,-0.0103970947377945,-0.0127624990133028,0.000548470811487814,0.000548470811487814,-0.00859752559742223,2.78859664301494,-23.1365142911727,-7.04061431047747,-5.16430931018701,-7.04061431047747,-5.16430931018701,2.89925671229543,-0.154428340691857,8.67361737988404e-19,-3.51849401500516e-19,6.18796376245791e-19,0,18.7078980656723,2.26627719355545e-14,1.04242954405884e-12,1.10293311991719e-19,3.46944695195361e-18,1.62856316403742e-14
6,NC_k0005,0.01,1,0.697539296984548,46.1779954752934,76.669144817969,46.1779964707292,76.6691439869158,-45.7193656182755,-76.2045645251275,-45.7193668266073,-76.2045639029305,1,400,-1.76129943962877e-13,-5.72870743897891e-14,-7.44038781074981e-14,-1.64702236224445e-14,-3.71193660288476e-18,2.34032556348403e-19,0,-7.54818852566889e-19,0.00047366466785769,2.08290474180111e-05,1,2.86087831479704e-19,-1.57650252518965e-19,1,0.00652234756030476,0.0163762563016298,0.0163762563016298,0.000290094583144856,0.00265900651085749,-0.00602366899317761,-0.00602366899317761,-0.00677038796632783,1,0,-2.03287907341032e-20,1,0.00652220625870949,0.0163795315528901,0.0163795315528901,0.000290576506847297,0.00265843225659724,-0.00602487372697624,-0.00602487372697624,-0.00677001928114035,8.14418517449447,51.8147566608549,13.8941678807274,-6.65401423748751,13.8941678807274,-6.65401423748751,-17.7546716157618,-12.3846617026108,1.73472347597681e-18,-6.34180526530419e-19,-9.16527464720829e-21,0,9.18177520387661,1.23814449577616e-14,4.55503721887114e-13,2.86087831479704e-19,3.46944695195361e-18,6.20734891174744e-15
7,NC_k0006,0.01,1,0.238126397014714,-57.9677764680075,-66.9752607955543,-57.9677674831985,-66.9752685581596,57.6930018278364,67.7818539226108,57.6930083653548,67.7818487168335,1,400,-9.54466540525889e-14,-7.73538134588025e-14,-5.90765865839866e-14,1.72206812611847e-14,-1.71793501826443e-18,-1.04351646687647e-18,0,8.99699536855552e-19,0.000106868548466991,-0.000108512529926353,1,1.46407249907988e-19,-1.0034624097278e-19,1,-0.00398200939445784,0.00754742661982021,0.00754742661982021,0.00927323019774596,-0.0149178558947045,0.000283080721679625,0.000283080721679625,0.00430866511930741,1,0,0,1,-0.00398121435195814,0.00754893610514417,0.00754893610514417,0.00927269971628643,-0.0149171597984231,0.00028313733782396,0.00028313733782396,0.00430743856348732,-9.96349964763693,30.3413409463744,-9.44883556556494,9.07073367672326,-9.44883556556494,9.07073367672326,-2.6477337312429,12.0695844022545,1.40946282423116e-18,2.44852092855943e-19,4.33279966699216e-19,0,8.16962622395893,1.61893935881942e-14,8.27988266000734e-13,1.46407249907988e-19,2.60208521396521e-18,2.79739593394987e-15
8,NC_k0007,0.01,1,0.171994617281625,-45.9535816529034,68.5279307514835,-45.9536009563983,68.527947430061,46.5596667494811,-70.2487852418178,46.559652641676,-70.2487740188243,1,400,6.86694624774109e-14,6.41255711725242e-14,4.35175465974951e-14,3.79102131631281e-15,1.10050093927525e-18,9.33665227168204e-19,0,1.46073478731964e-19,0.000983119730776016,-0.000960319234754455,1,-5.58016291812881e-20,-2.39526001090402e-20,1,0.00182057138377452,-0.00383757236604354,-0.00383757236604354,0.0157517137559357,0.0045404334689026,-0.00171840194232206,-0.00171840194232206,-0.0105011252064776,1,0,-2.71050543121376e-20,1,0.00182170724802162,-0.00383833988051675,-0.00383833988051675,0.0157514565059456,0.00453953237367539,-0.00171874562271052,-0.00171874562271052,-0.0105005221458373,-7.18676854506582,-18.0210947252679,7.68197177283285,9.15599153215583,7.68197177283285,9.15599153215583,-8.52139026870782,-13.2733002396465,4.33680868994202e-19,4.55670038201221e-19,-4.89986611706229e-19,0,11.0283849413607,1.24461274198242e-14,1.07820743294323e-12,5.58016291812881e-20,3.46944695195361e-18,4.03436689681133e-15
9,NC_k0008,0.01,1,0.304472145363434,12.7077064380879,96.3746766528993,12.7076928463671,96.3746883972435,-12.2666704223777,-97.5753805248276,-12.2666804122361,-97.5753725876165,1,400,4.06061902852306e-14,-3.17235387264914e-14,2.85148374685076e-15,-4.43546024561647e-14,1.24136648887058e-18,-1.10807791368624e-18,0,-2.2961077966594e-18,-0.00015513684406215,-0.000345191323717577,1,-7.47416469525953e-20,2.23903494460282e-19,1,-0.000324640517658471,-0.00270771985033662,-0.00270771985033662,-0.00777483302139314,0.0130076576265531,0.00866451467893541,0.00866451467893541,-0.00937239892902187,1,0,0,1,-0.000325215514122134,-0.00270826139430668,-0.00270826139430668,-0.00777466299860644,0.0130066295051927,0.0086662475818712,0.0086662475818712,-0.00937118904472666,2.51315294107233,-15.6387671665048,13.5076813398728,-1.08018746857979,13.5076813398728,-1.08018746857979,30.7096034217298,-17.4089578331783,1.30104260698261e-18,1.2521026805802e-21,-1.41224220079233e-18,0,6.58961767200604,7.75480767361777e-15,9.49384092144375e-13,2.23903494460282e-19,8.67361737988404e-18,4.1933441129563e-15
10,NC_k0009,0.01,1,0.335203083007624,49.6316850450128,-87.5119303122413,49.6316915095914,-87.5119358098135,-48.350241606616,89.2270754053231,-48.3502427478945,89.2270752858545,1,400,-2.58142032055764e-14,-1.10125450425436e-13,-4.51564848091859e-14,-2.49837043414525e-14,3.65763033451427e-19,-2.47653904931436e-18,0,-1.17325974595541e-18,0.000340956034746414,0.00099903433180755,1,4.27970984310149e-20,1.81558160325669e-19,1,0.00519928019819397,0.000838001429410395,0.000838001429410395,-0.00973762720273093,-0.00541928592851948,0.00975559370658175,0.00975559370658175,0.0123654189958392,1,2.16840434497101e-19,-2.71050543121376e-20,1,0.00519841989414881,0.000838169029696278,0.000838169029696278,-0.009736993816036,-0.00541822303994658,0.00975754482532307,0.00975754482532307,0.0123647034139197,9.43447554758869,8.8614679048272,-10.8798419025451,-5.27082511416263,-10.8798419025451,-5.27082511416263,36.9772317489063,16.4526539149413,1.51788304147971e-18,-5.92761238230908e-19,4.82076793617241e-19,0,8.74160208244727,2.75317888766689e-14,7.79541899320703e-13,1.81558160325669e-19,5.20417042793042e-18,5.29934517147579e-15
11,NC_k0010,0.01,1,0.399965729528206,-45.5610575121669,53.9756222438121,-45.5610543737939,53.9756193803007,42.8986661998772,-55.662834978069,42.898678624934,-55.6628430879452,1,400,2.10866480526706e-14,1.39803967014185e-13,5.40560880556293e-14,4.28993591952004e-14,-6.49584935037893e-19,3.17636031731383e-18,0,2.13242364268618e-18,-0.0015279827354838,-0.00117842745511195,1,-1.44671603584751e-20,-3.59026215522691e-19,1,-0.0111572556086814,-0.00114164067691532,-0.00114164067691532,0.000921888631614494,-0.000838431457235701,-0.0125858989726805,-0.0125858989726805,-0.0106889945710182,1,-5.42101086242752e-20,0,1,-0.0111569075356439,-0.0011418690050507,-0.0011418690050507,0.000921028790228053,-0.000839212171042096,-0.0125884161524751,-0.012588416152475,-0.0106887902285132,-9.94444088511399,-7.85009072502069,5.31486631050266,1.29387686715717,5.31486631050266,1.29387686715717,-46.8956501931668,-10.7969465984114,1.73472347597681e-18,1.26635605651861e-19,-3.25153195085938e-19,0,11.9155767435151,2.92152592405943e-14,1.7486835643644e-12,3.59026215522691e-19,6.93889390390723e-18,3.0533749192168e-15
12,NC_k0011,0.01,1,0.207963980505055,25.484381144604,-8.60355676489655,25.484381242375,-8.60355670341369,-23.0237708811174,10.5024103511486,-23.0237805452109,10.5024163339648,1,400,-5.09843903206963e-14,-9.90743945217254e-14,-5.11579573162859e-14,-3.6913831366614e-14,-3.89489571949169e-19,-2.00181678704773e-18,0,-1.80462354645999e-18,0.00176492581283668,0.00153470785146337,1,9.09344964760233e-20,2.37655680081058e-19,1,0.0111562507800311,0.00372247299024298,0.00372247299024298,0.0067667441851801,0.0090391613447924,0.00737137484334534,0.00737137484334534,0.00893581734392581,1,0,2.16840434497101e-19,1,0.0111564793795755,0.00372321748484103,0.00372321748484103,0.00676741173538397,0.00903960555205957,0.00737284911831401,0.00737284911831401,0.00893627188559307,6.40156049590822,14.0377684017066,2.76720926220639,1.59339066162878,2.76720926220639,1.59339066162878,27.6758882682991,3.40252332062506,1.73472347597681e-18,-3.33827245847336e-19,-3.94678270455331e-19,0,21.893937404246,3.08305946509886e-14,9.08070899431417e-13,2.37655680081058e-19,1.73472347597681e-18,1.28124844149904e-14
13,NC_k0012,0.01,1,0.324650026160434,-81.7206280843384,-51.6609417869665,-81.7206105086546,-51.6609570616826,79.6665695455914,52.0752600672743,79.6665883268649,52.075246166156,1,400,8.1976959942498e-14,3.2887646599089e-14,3.95001709832133e-14,2.53608982772602e-14,1.82460161261437e-18,2.17780111672961e-20,0,1.26396423602492e-18,-0.00159806911976011,0.000578520473848925,1,-1.98547002317266e-19,7.48447116766543e-20,1,-0.0152431504266709,-0.00930541602570422,-0.00930541602570422,-0.00271181015510362,0.0020331333037314,0.00312048212099628,0.00312048212099628,0.0077350270615511,1,0,0,1,-0.0152429727336719,-0.00930727710890936,-0.00930727710890936,-0.00271288559613174,0.00203366260242842,0.00312110621742048,0.00312110621742048,0.00773498617087234,-15.4859470598258,-28.6944915303415,-7.74921607080378,8.81200167403829,-7.74921607080378,8.81200167403829,5.10261929312419,9.09536701425959,1.73472347597681e-18,1.31765554880453e-18,3.28583983788574e-20,0,6.26092839080338,2.61259714938722e-14,9.66692735861057e-13,1.98547002317266e-19,3.46944695195361e-18,2.58191380270448e-14
14,NC_k0013,0.01,1,0.556114523002554,42.9453823642514,-85.9081397821481,42.9453944111861,-85.908150193083,-43.3600904976057,86.9541177034072,-43.3600815491152,86.9541106099729,1,400,2.92138275376219e-14,1.29321900410595e-13,5.08048841135126e-14,5.78070577517131e-14,-3.62503631645239e-19,2.73730608306048e-18,0,2.98183390702096e-18,0.000149470693244763,0.000576468038609948,1,-3.17975725246591e-20,-3.64080557111837e-19,1,0.00498912622183263,-0.00272241580136071,-0.00272241580136071,0.00271310382184266,-0.00664467839056453,-0.0146387790942166,-0.0146387790942166,0.0100940841642874,1,0,0,1,0.00498920497646372,-0.00272296028452098,-0.00272296028452098,0.00271341017871376,-0.00664375521729245,-0.0146417068500354,-0.0146417068500354,0.010093333461304,6.84735622960407,-3.73108061461532,-12.0946569172159,-8.19478206867506,-12.0946569172159,-8.19478206867506,-47.852307935325,15.4932038080834,1.73472347597681e-18,-2.20469352768026e-21,4.8525051240382e-19,0,14.3056915585722,9.88853005309148e-15,4.91151256385022e-13,3.64080557111837e-19,3.46944695195361e-18,2.19603206996639e-15
15,NC_k0014,0.01,1,0.686191660029231,-29.3110002278637,-60.9365503081965,-29.3110174168282,-60.9365354206509,30.4576978653826,59.8698944001795,30.4576829043112,59.8699058818509,1,400,1.96221511261641e-13,5.55172227634237e-14,8.36559816446362e-14,6.69353895227376e-15,4.34162618982953e-18,-4.31245649270846e-19,0,3.19907138821208e-19,0.000896013521494291,-0.000509645153497286,1,-2.30229987335129e-19,1.23131679070657e-19,1,0.00217222537146128,-0.0159947279836309,-0.0159947279836309,0.00794436627928002,-0.00445976827374019,0.0069643306373949,0.0069643306373949,0.00281881602866443,1,2.16840434497101e-19,-5.42101086242752e-20,1,0.00217276689329794,-0.0159979269292276,-0.0159979269292276,0.0079443305870259,-0.0044594453683312,0.00696572350352238,0.00696572350352238,0.00281841107564318,-3.92736603371676,-51.6878673567669,-12.5895577105265,7.65313903245934,-12.5895577105265,7.65313903245934,22.5220860308884,9.12383794540242,1.0842021724855e-18,-2.28683786139184e-19,-1.3448862487697e-19,0,2.93240889721873,1.06950472289173e-14,2.42369439196948e-13,2.30229987335129e-19,1.73472347597681e-18,3.2358977507184e-15
16,NC_k0015,0.01,1,0.464483745573984,79.4594682409944,14.8116039522461,79.4594657888032,14.8116060638199,-79.5034224187679,-15.1230011538105,-79.5034237329934,-15.1230000246134,1,400,1.32535909330711e-13,1.74785099588126e-13,1.01005551514281e-13,2.39916593536282e-14,1.70461410167988e-18,3.01674754631559e-18,0,1.30344473948146e-18,-3.27727663328159e-05,0.000377139026808397,1,-9.70201071155969e-20,-1.49925845414254e-19,1,0.00657798911293621,-0.0101065793937027,-0.0101065793937027,-0.00692801170261272,0.0107208255033532,-0.00946792217555798,-0.00946792217555798,0.0014184908323871,1,0,0,1,0.0065773050623307,-0.0101086007095814,-0.0101086007095814,-0.00692734515313668,0.0107206638695281,-0.00946981575999309,-0.00946981575999309,0.00141925943202905,13.2941524714184,-35.7752763326324,1.7946415799723,-13.4369739693778,1.7946415799723,-13.4369739693778,-27.7272903848812,-2.80642314192397,1.30104260698261e-18,1.90984945593929e-20,2.72308883766833e-19,0,4.29297044614877,1.80594831208757e-14,5.54168349418046e-13,1.49925845414254e-19,3.46944695195361e-18,1.30267539862562e-14
17,NC_k0016,0.01,1,0.316142439007102,-102.653689978131,8.62120197804979,-102.653701000099,8.62121141584795,101.558514516382,-10.7095009804179,101.55851215631,-10.7094981054496,1,400,6.12188251480905e-14,1.25606990086791e-14,2.22304459955573e-14,9.3678320309265e-15,1.37728880712529e-18,-3.38158051856578e-19,0,4.67244549529153e-19,-0.000604205668829314,-0.00158280921576754,1,-3.42380504767558e-20,4.90380463040093e-20,1,-0.0115585687257176,-0.00604009263940822,-0.00604009263940822,0.00793210257873351,-0.00816450835296581,0.00422070397820643,0.00422070397820643,-0.0090843260555411,1,0,0,1,-0.011557684853806,-0.00604130065793611,-0.00604130065793611,0.00793103738351462,-0.00816498556471115,0.00422154811900207,0.00422154811900207,-0.00908471128551619,-18.1698770958455,-22.0798845104869,-3.18432735129822,14.6114312279654,-3.18432735129822,14.6114312279654,7.91067825838818,-3.60091974572219,1.0842021724855e-18,1.35638374432232e-18,-4.03673832110939e-19,0,19.035960711528,1.1927187688924e-14,1.7442733428578e-13,4.90380463040093e-20,6.93889390390723e-18,1.071093218532e-14
18,NC_k0017,0.01,1,0.318338471740692,-22.9133839230107,94.1927138558936,-22.9133705483546,94.1927022155267,21.0686588221047,-94.0935003907572,21.0686742271163,-94.093511659593,1,400,-5.97234935117985e-14,4.11740953831785e-14,-5.85982604865527e-15,1.71011208666139e-15,-1.73979243877053e-18,1.46588315945217e-18,0,9.78984798568759e-20,-0.00125906008975577,0.000464909626738685,1,4.46437177360666e-20,-5.44405940321964e-20,1,-0.0082771555149627,0.00450705118921081,0.00450705118921081,-0.00362172325633171,0.0152780878324339,-0.00620838961707159,-0.00620838961707159,-0.00510825188891229,1,0,0,1,-0.00827722021531905,0.00450795259944865,0.00450795259944865,-0.00362225349991392,0.0152773227613464,-0.006209631294995,-0.006209631294995,-0.00510697832602763,-5.43812580602934,9.79240827991416,16.02412866531,-0.555670339910272,16.02412866531,-0.555670339910272,-23.3263667774118,-15.701801325681,1.73472347597681e-18,4.45127123736849e-19,-2.74282758415556e-19,0,21.7552663873418,2.37229974603615e-14,1.08784980891678e-12,5.44405940321964e-20,2.60208521396521e-18,9.41639931264628e-15
19,NC_k0018,0.01,1,0.581280423270091,-8.027524184444,-28.5442421664405,-8.02750118885646,-28.5442619680989,8.43565609136772,31.4612813520969,8.43566843161301,31.4612707530469,1,400,-1.99937288947183e-13,-1.69669291637253e-13,-1.20980094735427e-13,-2.41513623336354e-14,-3.36669126753983e-18,-2.2883521512361e-18,0,-1.2011919808801e-18,0.000241256302550306,0.00163436971004865,1,1.88040837432683e-19,7.32840700294083e-20,1,0.000480665222583367,0.0166506935722712,0.0166506935722712,0.00125668900088172,-0.000142525586410515,0.00356399801294227,0.00356399801294227,0.0104029660136978,1,0,0,1,0.000480747457627865,0.0166540237109856,0.0166540237109856,0.00125669363354839,-0.000141741800819827,0.00356471081254486,0.00356471081254486,0.0104026952501285,-0.994304848432562,60.0941087483833,1.67926544776541,2.32045950574206,1.67926544776541,2.32045950574206,11.8947739551304,7.79868242154149,1.73472347597681e-18,-6.10752349969652e-19,-8.35428241563235e-21,0,4.89768862358576,7.13149478887827e-15,3.94953461995417e-13,1.88040837432683e-19,3.74049749507499e-18,1.08867785444461e-14
20,NC_k0019,0.01,1,0.310185877093338,118.960003098099,29.0055834670044,118.959998847827,29.0055872249898,-117.380469172182,-28.2750458405928,-117.380477992851,-28.2750398244497,1,400,-5.40704633844591e-14,-4.53411180129093e-14,-3.31627971681405e-14,-3.53089953109009e-14,-9.30412752999646e-19,-6.19735295453304e-19,0,-1.74912965352503e-18,0.000644461400379331,0.000612407454961557,1,7.37395154480992e-20,1.08380960790408e-20,1,0.0127487187526354,0.00482985425188675,0.00482985425188675,-0.0129637010912488,0.00660789271466915,0.00131317934767683,0.00131317934767683,0.000834533379048352,1,0,0,1,0.0127474277570847,0.00483082022273713,0.00483082022273713,-0.0129624208448151,0.00660779010735471,0.00131344198354637,0.00131344198354637,0.000835008107667476,21.324246741794,15.1144005623291,6.48670402647713,-16.1920778380184,6.48670402647713,-16.1920778380184,12.2661170456569,-4.1130383168372,1.30104260698261e-18,-1.30289786727472e-18,-2.79316123178964e-20,0,22.9567525946839,6.7058277510669e-15,7.3755484707498e-13,7.37395154480992e-20,8.67361737988404e-18,1.07376554506163e-14
21,NC_k0020,0.01,1,0.304342445025342,12.2773414021447,105.869496896403,12.2773244555787,105.86951150501,-12.3113586525498,-107.814549883751,-12.3113688007912,-107.81454141885,1,400,-6.82784991740126e-14,-4.83355488880427e-14,-3.90733403029255e-14,-3.84783351015106e-14,-1.28147482241205e-18,-5.44953204994835e-19,0,-1.88865186180557e-18,-0.000268312308980829,-0.00157550570722269,1,5.01868817656819e-20,9.5351017061467e-20,1,-0.000641862031582151,0.00761351814436902,0.00761351814436902,-0.0054579085922262,-0.00107937272190658,0.00271105892574516,0.00271105892574516,-0.0174160472675352,1,-1.0842021724855e-19,-1.0842021724855e-19,1,-0.000642255328175781,0.0076150408479979,0.0076150408479979,-0.00545782028416376,-0.0010806519411336,0.00271160113753031,0.00271160113753031,-0.0174156928193077,2.03055481526514,18.996602262961,13.4501643115101,-2.14112926547305,13.4501643115101,-2.14112926547305,10.0609998846813,-19.7699622350929,1.30104260698261e-18,-8.30049605060247e-20,-1.00476715292872e-18,0,24.5915300004129,2.42598514319222e-14,1.56138829362014e-12,9.5351017061467e-20,1.04083408558608e-17,2.00636708262296e-14
22,NC_k0021,0.01,1,0.242015118864133,-77.3521268592174,-34.3875484352173,-77.3521030251045,-34.387569111639,75.1976716015038,35.4335194594258,75.1976945769369,35.4335021552708,1,400,-1.14649175569914e-13,-9.8920654653667e-14,-7.35004728795324e-14,3.04861387870337e-15,-2.05404166220188e-18,-1.38163398688303e-18,0,1.56489337005232e-19,-0.00175302815780181,0.00034216611931922,1,5.74868559036916e-20,5.95849306854973e-20,1,-0.0157696505906199,0.00743347769776725,0.00743347769776725,-0.00490678345698627,-0.00639315530433366,0.00364612015319482,0.00364612015319482,0.00422118215147606,1,0,0,1,-0.0157696243581145,0.0074349643933068,0.0074349643933068,-0.00490784351119413,-0.00639267888678969,0.00364684937722546,0.00364684937722546,0.00422059713527446,-14.8397015794609,28.0519987608231,-3.45030104534384,7.83956695181843,-3.45030104534384,7.83956695181843,7.14510053180434,6.84879389635745,1.73472347597681e-18,1.13106749299834e-18,2.08320770575866e-19,0,10.7346428017536,2.3940600555726e-14,3.71864221592223e-13,5.95849306854973e-20,3.46944695195361e-18,3.62405536302988e-14
23,NC_k0022,0.01,1,0.31388416904406,43.9399139043989,-107.258698224083,43.9399051428334,-107.258690578852,-42.3976117875682,107.449832384355,-42.3976231984287,107.449840584841,1,400,5.19383798122663e-14,-8.57040133306342e-15,1.30145841415987e-14,1.03929451850115e-14,1.31470763070198e-18,-7.06359303561082e-19,0,5.82838077049764e-19,0.00108298442601897,-0.000245828256259901,1,-6.10798209715429e-20,-2.98710611281692e-20,1,0.00921842681296943,-0.00503965169388544,-0.00503965169388544,0.00145752932466205,-0.0151678539211591,0.00175471875137047,0.00175471875137047,0.00737260440386989,1,1.0842021724855e-19,0,1,0.00921830566699845,-0.00504065962422422,-0.00504065962422422,0.0014581842684399,-0.0151669217794808,0.00175506969512075,0.00175506969512075,0.00737128249971571,8.70481581857282,-10.7183105670045,-17.5725633400783,-3.69363191535633,-17.5725633400783,-3.69363191535633,9.19801079036786,18.1936177273226,8.67361737988404e-19,-2.11792792134514e-19,6.89113013919192e-19,0,21.4640964247767,1.38643492995912e-14,1.19904555719177e-12,6.10798209715429e-20,3.46944695195361e-18,6.54353675055281e-15
24,NC_k0023,0.01,1,0.58942791972648,13.7276144095048,-10.1889601441001,13.7275975256735,-10.1889455056741,-12.3454257569136,9.33752475483754,-12.3454414634156,9.33753665989495,1,400,7.4271318262209e-14,-9.15430925507721e-14,-2.992486507212e-15,-4.69050389891382e-14,2.5816108394433e-18,-2.72149038974847e-18,0,-2.3468338205436e-18,0.00029932607819957,-0.000451019248012348,1,-1.14895481866963e-19,3.8207903515522e-19,1,0.00179059656442486,-0.00748668606960372,-0.00748668606960372,-0.00832749512316028,-0.00107299813618593,0.0163878394980998,0.0163878394980998,-0.00129750229158753,1,0,-2.71050543121376e-20,1,0.00178992723737651,-0.00748818340681764,-0.00748818340681764,-0.00832715264103987,-0.0010730686239044,0.0163911170659994,0.0163911170659994,-0.00129755032889046,3.49731290012207,-25.4437059960086,-3.59760465031342,0.993612218724621,-3.59760465031342,0.993612218724621,57.6268616943409,0.831176056645517,1.73472347597681e-18,4.81056905561821e-20,-8.58446533040931e-19,0,16.0900700372837,1.17574357162213e-14,5.18425731510722e-13,3.8207903515522e-19,4.98732999343332e-18,5.83903690536932e-15
25,NC_k0024,0.01,1,0.335051212656653,51.1132672383057,34.4659444207303,51.1132651153709,34.465946300499,-50.2783735822088,-34.065805163102,-50.2783781695335,-34.0658020455121,1,400,-1.50855890279633e-15,1.07212849709271e-13,3.50670777699523e-14,2.19657191741218e-14,-9.81148703051198e-19,2.62030965722098e-18,0,1.12999158247399e-18,0.00114637426700576,0.000481690599396185,1,5.88366194638279e-20,-2.36592782458225e-19,1,0.010892794888854,0.00224738392473582,0.00224738392473582,0.00832526892141889,0.00777046573001903,-0.0121066857951696,-0.0121066857951696,-0.000184942655679283,1,0,-1.0842021724855e-19,1,0.0108931469641509,0.00224783340152077,0.00224783340152077,0.00832587774931252,0.0077702575976766,-0.0121091071323287,-0.0121091071323287,-0.000184355247183139,9.29729267362776,5.77673753857914,6.67020042663778,-6.58458373770425,6.67020042663778,-6.58458373770425,-38.2543256195522,-5.37006693788664,1.0842021724855e-18,-4.77128544282673e-19,2.93798632958083e-20,0,16.6241727881691,6.2990099784604e-15,3.82419353238547e-13,2.36592782458225e-19,1.73472347597681e-18,3.47927162123425e-15
26,NC_k0025,0.01,1,0.332495326265173,-81.0730185361536,-49.9053926558016,-81.0730054521599,-49.9054040211971,79.6396072796719,50.2872525197496,79.6396208829547,50.2872424058627,1,400,5.45583543620776e-14,1.01696429055664e-13,5.4172457847947e-14,5.93783106451334e-14,4.40023689931258e-19,2.09219123205282e-18,0,3.01086463779912e-18,-0.000326487075771723,0.000321138042336577,1,-1.19945362562054e-20,-1.93593433419274e-19,1,-0.00763455358412234,-0.00511308436295233,-0.00511308436295233,0.0140282183419054,-0.00205238742742985,-0.00888579138831073,-0.00888579138831073,0.0059673668624843,1,2.16840434497101e-19,1.35525271560688e-20,1,-0.00763331060390709,-0.00511410697982492,-0.00511410697982492,0.0140272950449281,-0.00205188856522948,-0.00888756854658839,-0.00888756854658839,0.00596706374925569,-14.8411306351568,-14.3968018282376,-7.52662936490742,10.1837639405732,-7.52662936490742,10.1837639405732,-35.9511256716271,8.76732885499787,6.50521303491303e-19,5.94946847122669e-19,5.60890450801671e-19,0,11.6447402087882,2.02278595370285e-14,5.77108495895336e-13,1.93593433419274e-19,5.20417042793042e-18,4.1738294380555e-15
27,NC_k0026,0.01,1,0.190188313553053,14.2092430212371,-81.7704081469291,14.2092622219268,-81.7704246941645,-14.0944860460063,84.0326519317076,-14.0944748490837,84.0326425277033,1,400,4.93203568263656e-14,1.84680829656836e-14,2.43325339996897e-14,2.04661049392485e-14,1.09339380345219e-18,4.39960824204704e-20,0,1.0240529070631e-18,4.41490578875779e-05,0.00195859533000443,1,-6.97528744881174e-20,6.39523540826041e-20,1,0.00138174908359249,-0.00623142958188206,-0.00623142958188206,-0.00146165364460813,0.00698753012182909,-0.000509136241330345,-0.000509136241330345,0.0175510349137461,1,2.71050543121376e-20,0,1,0.00138160491584205,-0.00623267586779844,-0.00623267586779844,-0.00146151347208574,0.00698867176119458,-0.000509238068578611,-0.000509238068578611,0.0175511202026324,2.48325395109468,-15.5944290178761,-8.70331832825929,-2.1103359032167,-8.70331832825929,-2.1103359032167,-0.848323235332379,16.0537228291586,8.67361737988404e-19,1.15672179258246e-19,7.16958932013883e-19,0,30.0837249945043,1.76902923216845e-14,4.81146395813076e-13,6.97528744881174e-20,6.93889390390723e-18,1.56152948379967e-14
28,NC_k0027,0.01,1,0.515104338359103,38.7709103403666,43.4926189301808,38.7708822476203,43.4926431768497,-38.3274662595032,-46.3335082971346,-38.3274850576633,-46.3334930393199,1,400,1.85322243662078e-13,1.61929497588531e-13,1.15019542331937e-13,1.43437779015487e-14,3.11270049737174e-18,2.26372533003917e-18,0,7.4157734532114e-19,0.000404895450937197,-0.00156354144384573,1,-3.50957904363906e-19,-1.48516529725186e-19,1,0.00546780616345853,-0.0148737930887004,-0.0148737930887004,-0.00015435334966179,0.00196682104422621,-0.00420214574164677,-0.00420214574164677,-0.0112837554077873,1,0,0,1,0.00546765789180323,-0.0148767678473182,-0.0148767678473182,-0.000153939405365787,0.00196592559204452,-0.0042029861707951,-0.0042029861707951,-0.0112833258023238,6.88824101139044,-54.866581936646,0.997725843491162,-5.44749109274367,0.997725843491162,-5.44749109274367,-11.9471465883206,-10.2282349353996,1.30104260698261e-18,4.27084051633354e-19,-9.46931737582773e-20,0,8.84906066591158,1.6421839448225e-14,1.14697538738137e-12,3.50957904363906e-19,4.33680868994202e-18,4.95727324831361e-15
29,NC_k0028,0.01,1,0.41106023612198,-75.5994724407514,36.8141787893372,-75.5994741810428,36.814180318599,76.0865305298155,-36.6375704373696,76.0865275491862,-36.6375683655079,1,400,4.47064260611363e-14,-5.21692064547885e-14,-3.97780708138455e-15,-2.44426874573822e-14,1.57221226411219e-18,-1.75814923092431e-18,0,-1.16608643568335e-18,0.000337686048958506,0.000657277598456843,1,-7.1859482072456e-20,3.69962505804587e-19,1,-0.00471347832099349,-0.00430342922469209,-0.00430342922469209,0.00798128353293045,0.0130887593471326,0.0111079045568512,0.0111079045568512,0.000928206497120315,1,0,0,1,-0.00471276188777049,-0.00430428991053703,-0.00430428991053703,0.00798073048996805,0.0130885017436362,0.0111101261377626,0.0111101261377626,0.000929164948908915,-12.2637199207343,-16.9777173314197,6.56851288706045,13.8462516259928,6.56851288706045,13.8462516259928,33.7414970942638,-5.99467442720974,1.73472347597681e-18,6.31820164878407e-19,-1.41053481142931e-18,0,14.9268209553261,1.33634341948728e-14,8.98452464756181e-13,3.69962505804587e-19,6.07153216591882e-18,1.48548219916518e-15
30,NC_k0029,0.01,1,0.31339539687931,-13.1298784946599,16.4839430630468,-13.1298964616513,16.4839586994675,15.5947088439685,-16.6274267220278,15.5946882020449,-16.6274116165244,1,400,-6.16405797931874e-14,-1.27823966689089e-13,-6.56865693002839e-14,-4.03813267546571e-14,-3.8104984815929e-19,-2.68937592964671e-18,0,-2.0450551720271e-18,0.0019175542024037,-0.000394804252635681,1,2.26468010703579e-19,1.76820902276769e-19,1,0.00884989807930435,0.0064798507234388,0.0064798507234388,0.0126933317263392,-0.00424549304752961,0.00927811762783743,0.00927811762783743,-0.00380295810394701,1,0,0,1,0.00885062883173184,0.00648114669358349,0.00648114669358349,0.012693678135402,-0.00424567213206122,0.009279973251363,0.009279973251363,-0.00380318144197298,-0.0737126798962281,21.2244061392241,2.4476189592227,8.08232607863461,2.4476189592227,8.08232607863461,31.8795178976795,-2.91377617129796,1.73472347597681e-18,-7.75694382180155e-19,-5.75066366811809e-19,0,8.12075985098832,1.32020429691527e-14,7.95281974414631e-13,2.26468010703579e-19,3.46944695195361e-18,9.74204901578357e-15
31,NC_k0030,0.01,1,0.457694269843931,47.7772249158091,-10.9364346730086,47.7772279395461,-10.9364373305962,-48.6321009731358,10.6229680121479,-48.6320957602682,10.6229643911823,1,400,-7.99004959417537e-14,4.95614833895264e-14,-1.13937601066239e-14,2.86667391213857e-14,-2.29672983648004e-18,1.76414463600409e-18,0,1.49499991701404e-18,-0.000407214534348634,-0.000797011859957456,1,1.15293738276321e-19,-2.70603905234063e-19,1,0.00224963521138602,0.0075052774219652,0.0075052774219652,-0.00353491288320554,-0.0121081658433771,-0.012816905715274,-0.012816905715274,-0.00390302330741578,1,0,0,1,0.00224931385203949,0.0075067784774496,0.0075067784774496,-0.00353465578774261,-0.0121081558659791,-0.012819469096417,-0.012819469096417,-0.00390383384427135,7.27781030899053,26.3591086443647,-2.53009906096333,-10.0554430725091,-2.53009906096333,-10.0554430725091,-41.4306613872557,1.51157874182662,2.38524477946811e-18,-5.20352064471224e-19,3.49513199666955e-19,0,11.9321041261846,1.28346230733634e-14,7.89998941534106e-13,2.70603905234063e-19,5.20417042793042e-18,1.60095339734636e-14
32,NC_k0031,0.01,1,0.464128902092708,36.9293355923353,-53.1763348570998,36.9293460361193,-53.1763439728023,-38.8114865982022,52.9149555542325,-38.8114728236664,52.9149456720585,1,400,9.66455648149234e-14,1.2887997960509e-13,7.68792836562507e-14,4.13935379028896e-14,1.21778522396792e-18,2.37582815537481e-18,0,2.12532477866925e-18,-0.00153032924699293,-5.68625509166643e-05,1,-2.16546965778457e-19,-2.2787388777979e-19,1,-0.00489617049868363,-0.00959510323729569,-0.00959510323729569,-0.0131397015888722,-0.00314287102986019,-0.00907244958180328,-0.00907244958180328,0.00437295903755682,1,0,-5.42101086242752e-20,1,-0.00489703357204032,-0.00959702225794316,-0.00959702225794316,-0.0131397403091199,-0.00314246448615663,-0.00907426407171965,-0.00907426407171965,0.00437261399825364,4.57026504984141,-29.8516348429591,-9.50184021061343,-10.6856725124954,-9.50184021061343,-10.6856725124954,-29.5379876411646,8.65254161420538,1.73472347597681e-18,5.63661355973981e-20,4.09624832110513e-19,0,10.263758635426,1.02455814604271e-14,2.88229106702291e-13,2.2787388777979e-19,3.46944695195361e-18,1.26779047889114e-14
33,NC_k0032,0.01,1,0.363909088412993,77.804789685469,-38.082474561845,77.8047922739504,-38.0824766883799,-76.0300486330806,39.7371656277787,-76.0300540755864,39.7371686728223,1,400,-1.28693063150553e-13,-8.08377345097588e-14,-7.28398232390682e-14,-3.49519675355014e-15,-2.5723331816929e-18,-8.32461333583566e-19,0,-1.97193240587741e-19,0.00136668020739963,0.000688117006294758,1,3.33312049427331e-19,-1.15159027991653e-19,1,0.0136913367855113,0.0110871636454645,0.0110871636454645,0.00148412401573944,-0.00614492925545893,-0.00329091592009189,-0.00329091592009189,0.00623130741358427,1,0,-1.0842021724855e-19,1,0.0136911058113929,0.0110893810781936,0.0110893810781936,0.00148511376289796,-0.00614430828417152,-0.00329157410327591,-0.00329157410327591,0.00623069076120478,14.5876501003101,41.0701454403502,-2.7203598207572,-8.82120051801795,-2.7203598207572,-8.82120051801795,-6.01520418182245,8.09675571701298,1.73472347597681e-18,-5.62773420825065e-19,8.66300485444734e-19,0,8.02871605682975,1.36180399015544e-14,2.70964410599115e-13,3.33312049427331e-19,6.93889390390723e-18,1.23558421399715e-14
34,NC_k0033,0.01,1,0.470879335267077,-16.9786665869057,59.4962043027632,-16.9786999553834,59.4962331764847,18.7477719433958,-61.9174459133828,18.7477447055585,-61.9174247445205,1,400,1.01601019264486e-13,-3.7324310309117e-14,2.13078405019648e-14,-4.59309239947414e-14,2.77955185130479e-18,-1.78354698445214e-18,0,-2.26525726853362e-18,0.00109529023431507,-0.00154793989636169,1,-4.12021353562178e-20,2.54774927490218e-19,1,0.00391322324877467,-0.00626045912008749,-0.00626045912008749,0.00480708725796236,-0.00020921014258653,0.012488685847635,0.012488685847635,-0.0128986124998242,1,0,1.0842021724855e-19,1,0.0039134859497378,-0.0062617112119115,-0.00626171121191151,0.00480726057252458,-0.000210172308270457,0.0124911835848045,0.0124911835848045,-0.0128983057252724,-1.32051510165519,-26.0649498345731,4.61348189154851,7.06855469689581,4.61348189154851,7.06855469689581,42.467120391574,-12.4804622487581,1.0842021724855e-18,2.35653256972401e-19,-8.56561645083961e-19,0,14.1817450357698,2.02251257428596e-14,5.76290562226758e-13,2.54774927490218e-19,4.01154803819637e-18,9.31317350076965e-15
35,NC_k0034,0.01,1,0.361984734458516,27.2312019301129,114.722603525999,27.2311829867985,114.72261985095,-27.352490965249,-116.960714607905,-27.3525019801924,-116.960705349738,1,400,2.20931129293889e-14,9.78011074903584e-14,4.06000208481338e-14,-9.40708014957048e-16,-3.55767072736607e-19,2.25355762594967e-18,0,-1.20847778771547e-19,0.000182578258705724,-0.00139730471352267,1,4.26086592312945e-20,-2.740363842338e-19,1,0.00359295174533235,0.000616426183014777,0.000616426183014777,0.00199159317497654,0.00546833848355632,-0.00844327965108072,-0.00844327965108072,-0.0167795284827941,1,0,-2.37169225231204e-20,1,0.00359301129102684,0.00061654946825138,0.00061654946825138,0.00199181285652807,0.00546694331045802,-0.00844496830701094,-0.00844496830701094,-0.0167786988691957,4.46419819232912,-5.71529525239232,14.2857245825602,-4.85833933342737,14.2857245825602,-4.85833933342737,-27.4128997926723,-21.5577180784213,1.30104260698261e-18,-2.39384097644881e-19,-5.53785687454554e-19,0,11.836524561668,1.12888055272155e-14,6.19220804971064e-13,2.740363842338e-19,6.93889390390723e-18,1.18081185141709e-14
36,NC_k0035,0.01,1,0.467909016747008,-40.1598895045835,-70.1827971504353,-40.1598964376175,-70.1827911391637,40.7320689515029,69.8367070884805,40.7320624837042,69.8367119883738,1,400,1.65540324503777e-14,-1.09261558134399e-13,-3.04330981297101e-14,-2.35429080744365e-14,1.41572292710696e-18,-2.83827505735115e-18,0,-1.17302482666145e-18,6.7062261888682e-05,-0.000650417042861931,1,-5.12614619014917e-20,1.81133701008706e-19,1,-0.00351465423052479,-0.00255730804241255,-0.00255730804241255,-0.000555357364942645,-0.0142628356337485,0.0131526284975548,0.0131526284975548,0.00209256844649203,1,0,2.16840434497101e-19,1,-0.0035146080159714,-0.00255781950402103,-0.00255781950402103,-0.00055560708007581,-0.0142623221202242,0.0131552590232543,0.0131552590232543,0.00209144641960833,-6.24395168418979,-4.64420346441437,-12.5430874532491,8.10304324835863,-12.5430874532491,8.10304324835863,42.9609250751096,11.4185942794533,2.60208521396521e-18,1.64058133485501e-19,3.45075224423348e-20,0,15.2764785266333,1.9689381850068e-14,2.04451338478169e-12,1.81133701008706e-19,5.20417042793042e-18,1.6253218994483e-14
37,NC_k0036,0.01,1,0.253307256003272,-25.6497678074913,5.60666006799768,-25.6497688605178,5.60666098547163,25.8117261424878,-5.60164601838648,25.8117248635411,-5.60164509017223,1,400,1.33355132492241e-13,1.13651492730793e-13,8.35643510499827e-14,2.43273283462297e-14,2.32312020674293e-18,1.58297719260395e-18,0,1.20474554879163e-18,0.000496129535245141,0.000687099330138569,1,-1.10734485301238e-19,1.53275741970539e-20,1,0.00084416212523823,-0.0113505931958439,-0.0113505931958439,0.00945185736383171,0.0125214744945685,-0.00300099643370445,-0.00300099643370445,0.0039141427757966,1,0,0,1,0.000844849910487388,-0.0113528633144831,-0.0113528633144831,0.00945168437955701,0.0125214550184143,-0.00300159663299119,-0.00300159663299119,0.0039149840328143,-4.16374164504676,-39.373318503829,0.951835653771088,4.6899695675405,0.951835653771088,4.6899695675405,-11.833362231429,-0.935541236734973,1.0842021724855e-18,-8.13496834990119e-20,-1.90465161243858e-19,0,12.6871243853579,1.86783046848651e-14,7.56209742920274e-13,1.10734485301238e-19,2.38524477946811e-18,1.02998396059978e-14
38,NC_k0037,0.01,1,0.35090707648228,56.6020516529904,-1.45303949963552,56.6020739496764,-1.45305872453442,-56.6294554608171,3.95679475452915,-56.6294418235674,3.95678344031282,1,400,-9.16359002567368e-14,6.98356303341363e-15,-2.85105905169019e-14,9.40933325721018e-15,-2.32259081115089e-18,9.89903582654459e-19,0,5.19780651388774e-19,6.78213089468504e-05,0.0019392501028369,1,1.21650408816831e-19,-7.51197073342788e-20,1,0.00526516256280188,0.0075507131118313,0.0075507131118313,-0.00336613753595377,0.0112742548893739,-0.00828254755886328,-0.00828254755886328,0.0104031002784615,1,0,0,1,0.00526477847342261,0.00755222325445367,0.00755222325445367,-0.00336565849532317,0.0112747532655226,-0.00828420406837506,-0.00828420406837506,0.0104036857700713,9.4733350557961,26.9933746111351,5.30830232746815,-9.56231363550905,5.30830232746815,-9.56231363550905,-25.0396009216489,2.82681010719168,1.73472347597681e-18,-5.76504647104846e-19,6.11986430001945e-19,0,26.2614837812,2.66952152304257e-14,1.1700808859276e-13,1.21650408816831e-19,6.93889390390723e-18,1.67684906485791e-14
39,NC_k0038,0.01,1,0.0725626046413074,15.1248501289835,0.900288903460622,15.1248652403143,0.900275832120132,-15.8502709017416,0.254308776645592,-15.8502588660452,0.254299375741063,1,400,2.0681156440161e-14,-1.08684762578637e-14,2.58851925109725e-15,-1.26927412807606e-14,5.65563237137206e-19,-4.445665658554e-19,0,-6.59028856091411e-19,-0.0010055956616121,0.00128562805625895,1,-1.0868612708656e-19,1.89430663740796e-19,1,-0.00447054075050219,-0.00322081580792181,-0.00322081580792181,-0.0124565213817698,0.0122190735985311,0.00371546962431562,0.00371546962431562,0.00716695275968236,1,-2.16840434497101e-19,0,1,-0.00447136322608707,-0.0032214599710834,-0.0032214599710834,-0.0124565452592916,0.0122193056431481,0.00371621271824048,0.00371621271824049,0.00716769001638326,1.91106782860187,-10.697972868613,2.71137686595123,-4.268044691045,2.71137686595123,-4.268044691045,13.4716180652399,1.0400878508202,1.73472347597681e-18,-1.63521289288295e-19,-3.59603140444165e-19,0,71.797503931848,7.23777371779105e-14,2.71104038726858e-12,1.89430663740796e-19,5.20417042793042e-18,3.1556681290708e-14
40,NC_k0039,0.01,1,0.460980572097958,-52.3314806643642,41.2411536322748,-52.3314918009246,41.2411631613436,51.1092268508629,-43.4399236020676,51.1092249234235,-43.4399209808242,1,400,1.73719545693007e-13,1.04011227798975e-13,8.72100725569171e-14,6.7798414452036e-15,3.06403580757402e-18,1.01247568720981e-18,0,3.90521066173022e-19,-0.000947345353935894,-0.000997005574236442,1,-3.15385666600091e-19,3.73570618111975e-20,1,-0.00936196115721762,-0.0143750446473943,-0.0143750446473943,-0.00123606231006256,0.00591636410265959,0.00222737079348689,0.00222737079348689,-0.00801369950739952,1,0,-5.42101086242752e-20,1,-0.00936181981286194,-0.0143779196563238,-0.0143779196563238,-0.00123673355559159,0.00591561516609396,0.00222781626764559,0.00222781626764559,-0.00801305543760414,-9.83633318767004,-52.7733881682588,2.04384676462935,5.86498732913966,2.04384676462935,5.86498732913966,4.08465948862375,-9.1880345283786,1.73472347597681e-18,1.54601996854207e-18,-5.01540821914584e-19,0,13.5614099907632,2.07996353487291e-14,1.3866756187109e-12,3.15385666600091e-19,8.67361737988404e-18,2.66127580307247e-14
41,NC_k0040,0.01,1,0.527305677710913,16.394600918087,-24.9822065935879,16.3945868685412,-24.9821945104515,-16.8976217947876,23.0053791836902,-16.8976283318796,23.0053850375068,1,400,1.33634856652742e-13,1.81564398932244e-13,1.05099728386215e-13,5.22860834489824e-14,1.70019364848639e-18,3.21254450602935e-18,0,2.55232202831402e-18,8.33762793544639e-05,-0.00143516520231905,1,-1.41449231514174e-19,-3.82040538173204e-19,1,0.00239448904696963,-0.0107100934987805,-0.0107100934987805,0.004598707994702,-0.00943143305055485,-0.0118532853785697,-0.0118532853785697,-0.00538144038133594,1,1.0842021724855e-19,0,1,0.00239477408784307,-0.0107122355174802,-0.0107122355174802,0.00459877261368066,-0.00943160087275719,-0.0118556560356454,-0.0118556560356454,-0.0053820132028052,2.31621266816791,-36.048471283453,-8.57528587810824,-3.95065355972071,-8.57528587810824,-3.95065355972071,-39.920171729581,2.15223909880141,1.73472347597681e-18,8.00185015786682e-19,2.49876314937585e-19,0,15.0472353395006,1.81521855238192e-14,6.12182141667692e-13,3.82040538173204e-19,6.07153216591882e-18,4.00038125124125e-15
42,NC_k0041,0.01,1,0.29400652304313,-37.188720815,15.1682840366199,-37.1887175073333,15.1682811722235,36.9749717612807,-14.9577265898735,36.9749746129319,-14.9577287823498,1,400,-7.90643592263329e-14,1.88356275021562e-14,-2.0990442695276e-14,2.88939878967387e-14,-2.08812150343906e-18,1.10695294805316e-18,0,1.43963837297709e-18,0.000570946252179332,-0.000161356676341082,1,2.18160989180317e-19,-2.34348753845413e-19,1,0.000693404154477524,0.00813472975173025,0.00813472975173025,0.0151266557406844,-0.00346283095456102,-0.00928959031609184,-0.00928959031609184,-0.00249839192021467,1,0,1.0842021724855e-19,1,0.000694521318554213,0.0081363566976806,0.0081363566976806,0.0151263295796025,-0.00346293176318117,-0.00929144823415506,-0.00929144823415506,-0.00249858917273825,-6.42436757213451,27.1283067079891,3.0119243863938,5.72986877749778,3.0119243863938,5.72986877749778,-34.2806853666534,-2.32779247102084,1.73472347597681e-18,2.75889114154954e-19,7.08526744305908e-19,0,9.50196368822336,1.48225056307688e-14,1.15994716037835e-12,2.34348753845413e-19,3.46944695195361e-18,3.58737575777927e-15
43,NC_k0042,0.01,1,0.564234387915341,44.7975118193929,22.2027280337143,44.7974980759771,22.2027400309983,-42.2946257873117,-21.838756088476,-42.2946440168812,-21.8387430201648,1,400,-1.01828701720708e-13,-1.82701943851615e-13,-9.92840719162199e-14,-7.44496695195829e-14,-9.33125905408819e-19,-3.70776761259749e-18,0,-3.73249700419038e-18,0.0013009118592142,-3.59504022774577e-05,1,1.60241683935825e-19,2.5133305562334e-19,1,0.00978896359714778,0.00931601071912623,0.00931601071912623,-0.00341841517630104,-0.0020515195720058,0.0139864037805132,0.0139864037805132,-0.00242370592098119,1,-1.6940658945086e-20,0,1,0.00978846249191963,0.00931787392127005,0.00931787392127006,-0.00341759554365185,-0.00205165006196057,0.0139892010612693,0.0139892010612693,-0.00242379919230107,9.67852721228161,30.8191459373264,4.53243481461567,-1.54625269324231,4.53243481461567,-1.54625269324231,51.6151684380793,-3.34978455120602,1.30104260698261e-18,-1.01177879451074e-18,-1.94404223080578e-19,0,9.17736338129804,8.97599386131318e-15,3.18546371619755e-13,2.5133305562334e-19,3.90312782094782e-18,3.93532563205537e-15
44,NC_k0043,0.01,1,0.0514626042524924,-2.03183615728734,15.2183747096992,-2.031859898334,15.2183952205975,2.74676540953737,-17.358213003706,2.74674817904877,-17.3581992754657,1,400,1.11952547926508e-14,-1.52753244081483e-15,2.13939145145649e-15,-4.73416878615796e-16,2.92239601692534e-19,-1.92236774357324e-19,0,-2.94492841681129e-20,0.000678237011262407,-0.00199117354976999,1,1.03646994989362e-20,5.25784897416163e-20,1,0.00349834465260774,0.00105725274737618,0.00105725274737618,0.00567869514329041,-0.0143226463588292,0.000335182333641108,0.000335182333641108,-0.0122125213151273,1,0,0,1,0.00349868309612717,0.00105746419792565,0.00105746419792565,0.00567881555176078,-0.0143232042317689,0.000335249370107836,0.000335249370107836,-0.0122132902005713,0.276675516293014,1.90539035301505,-2.19168374826349,2.04618889906234,-2.19168374826349,2.04618889906234,1.25320815332243,-4.76099008113513,4.33680868994202e-19,1.62728820484084e-20,-4.32923125921191e-19,0,174.480403455422,8.24565594167036e-14,2.04492393639899e-12,5.25784897416163e-20,1.73472347597681e-18,1.37125883984619e-13
45,NC_k0044,0.01,1,0.490528336464824,-26.6230334210659,-3.8373604550733,-26.6230163909883,-3.83737527972077,24.2257707288409,3.92659015923861,24.2257905352732,3.92657569197746,1,400,8.90437897027585e-14,1.8403247675769e-13,8.96920610872317e-14,6.48789832621843e-14,5.17808446013295e-19,3.67472009276477e-18,0,3.26264849009291e-18,-0.00132740440831559,0.000506983881943972,1,-1.57003165392188e-19,-2.71887088838364e-19,1,-0.00851380873607495,-0.00787971180468842,-0.00787971180468842,0.000459257358681305,0.00778578210790152,-0.0138707345613709,-0.0138707345613709,0.00349265014786155,1,0,-2.16840434497101e-19,1,-0.00851356144655465,-0.00788128774704936,-0.00788128774704936,0.000458607341592134,0.00778584941210992,-0.0138735087082831,-0.0138735087082831,0.00349314676526595,-6.53786987224171,-26.8299029618691,-0.44601688328626,-1.25120702190501,-0.44601688328626,-1.25120702190501,-50.0759307047059,0.735895294586462,2.60208521396521e-18,3.57772467895855e-19,3.3549436377637e-19,0,11.2981371509367,1.64304001130389e-14,9.33891724560805e-13,2.71887088838364e-19,4.33680868994202e-18,9.05328350754531e-15
46,NC_k0045,0.01,1,0.499798033759244,-60.322238481189,-44.2090713046097,-60.3222227312589,-44.2090848690101,60.567562627725,46.1807374458268,60.5675712148781,46.1807301025568,1,400,-5.57218659234804e-14,-1.58792250182227e-13,-6.9797645941411e-14,-3.05814401579951e-14,1.27313022439262e-19,-3.38990526425052e-18,0,-1.54940193154043e-18,-0.000186207268750482,0.00144349831046815,1,7.99895329340447e-21,3.66825361014622e-19,1,-0.00654149191567826,0.00237477066938528,0.00237477066938528,-0.000361188515241833,0.00375017741096737,0.0144696732013101,0.0144696732013101,0.0113138683691724,1,0,-1.0842021724855e-19,1,-0.00654135546751901,0.00237524562351915,0.00237524562351915,-0.000361670097422629,0.00375093219665978,0.0144725671359504,0.0144725671359504,0.011313866785769,-9.90923766938434,11.6017502795027,-3.04543755919931,10.7063817098863,-3.04543755919931,10.7063817098863,46.1579392543558,9.45170984189815,1.73472347597681e-18,1.58480672847351e-19,-7.30672862903701e-19,0,5.69347535163184,2.33664078518923e-14,1.3736764224048e-12,3.66825361014622e-19,5.20417042793042e-18,5.33122397272955e-15
47,NC_k0046,0.01,1,0.469274981853276,-110.14297383201,-43.6501357254087,-110.142971278789,-43.6501379088663,110.443832442398,44.1700702478811,110.443832802734,44.1700696975183,1,400,1.43487652315422e-14,-8.10319693289596e-14,-2.28908655463881e-14,-2.05347891468755e-16,1.03788005818253e-18,-2.10788119391173e-18,0,-5.46997995469066e-20,0.00046440785863664,0.000318885860271421,1,-8.23968014030706e-20,2.40625529358847e-19,1,-0.00666227389545114,-0.00203310119108945,-0.00203310119108945,0.0148185363540503,-0.0028143569959596,0.00978930193875319,0.00978930193875319,0.00530476659841745,1,0,2.71050543121376e-20,1,-0.00666099594837719,-0.00203350781132767,-0.00203350781132767,0.0148176662200993,-0.00281388877953982,0.00979125979914094,0.00979125979914094,0.00530442290247779,-18.2204584828348,-4.13479577668872,-6.17088445153453,19.1980074605572,-6.17088445153453,19.1980074605572,27.0420201020944,7.86024276441609,8.67361737988404e-19,7.93182359207376e-19,-3.78065975220274e-19,0,21.487562015981,1.53663994857566e-14,8.17915247779718e-13,2.40625529358847e-19,3.46944695195361e-18,2.8389913825978e-15
48,NC_k0047,0.01,1,0.535543405973281,-3.70766147872455,61.3685812020486,-3.70764928981089,61.368570692242,3.69030832015603,-60.0016748515286,3.69031578459758,-60.0016810424804,1,400,-1.58976130870681e-13,-1.59817363336312e-13,-1.05785559653714e-13,-5.39943523919506e-14,-2.39735470363589e-18,-2.54744166269996e-18,0,-2.72423001193724e-18,-0.000456842536678921,0.000970886503482418,1,2.07713433718121e-19,2.20010618617638e-19,1,-0.00322042004354661,0.0129470972600951,0.0129470972600951,-0.00756834716060175,0.00988741323463333,0.00818138711367098,0.00818138711367098,-0.000160165418325988,1,0,0,1,-0.00322090715908258,0.0129496866795472,0.0129496866795472,-0.007568399483426,0.00988715403689609,0.00818302339109372,0.00818302339109372,-0.000159419858197934,-0.637070883138156,41.293675227373,13.3278695096609,0.580720885897044,13.3278695096609,0.580720885897044,27.9032444822698,-8.88656610410928,1.30104260698261e-18,-8.27988847403024e-19,-6.1583010976701e-19,0,11.0428179409859,4.35783750945889e-15,7.69673845192715e-14,2.20010618617638e-19,5.20417042793042e-18,3.10961636043526e-15
49,NC_k0048,0.01,1,0.466709267628792,-61.1385574150479,48.3076399358866,-61.1385483692881,48.3076320486827,59.6477366592596,-48.4270960870105,59.6477480391302,-48.4271043046482,1,400,-1.63926597990249e-13,-7.59999702060199e-14,-8.08246006708409e-14,-3.31364709976745e-15,-3.34206113762045e-18,-4.35970504929749e-19,0,-1.04575481761404e-19,-0.000906529240420519,-0.000605678178468823,1,2.47351125855678e-19,-6.18946457386449e-20,1,-0.00959817720777239,0.0143184260441408,0.0143184260441408,0.00264488798011918,-0.00547214519221274,-0.00197937105098254,-0.00197937105098254,-0.00787400499854833,1,-1.35525271560688e-20,0,1,-0.00959773888674369,0.0143212897293497,0.0143212897293497,0.00264410199462909,-0.00547259893895782,-0.00197976692519273,-0.00197976692519273,-0.00787421855931279,-11.5460205899091,46.2486603208767,7.84039354085917,6.70210936596865,7.84039354085917,6.70210936596865,-11.0031923978873,-8.22855334243569,1.73472347597681e-18,-5.51183768935144e-20,-9.99024786571452e-21,0,9.24998544931202,7.61919015618795e-15,2.56766971911625e-13,2.47351125855678e-19,3.46944695195361e-18,3.4493066612658e-15
50,NC_k0049,0.01,1,0.234282793071206,45.4663004648265,-23.861842340026,45.4663014676494,-23.8618431940743,-45.288347932776,24.1119229340715,-45.2883480274951,24.1119228644671,1,400,-1.23686217518015e-13,-1.18739003004964e-13,-7.77029766158811e-14,-2.27929654317283e-14,-1.92259273669985e-18,-1.70952300502507e-18,0,-1.19475982443689e-18,-0.000331447334322668,-0.000476398540915367,1,1.78429257142549e-19,2.77820694157597e-20,1,0.00157454726667927,0.00976867116296737,0.00976867116296737,-0.0112931204706938,-0.0126793367371587,0.00350337763604774,0.00350337763604774,-0.00123290700954228,1,0,-2.16840434497101e-19,1,0.0015736609189623,0.00977062489719996,0.00977062489719996,-0.011292720051637,-0.0126791122217659,0.00350407831157495,0.00350407831157495,-0.00123382713712233,7.78230338883444,35.1421546524076,-3.44910631963082,-7.20410189791748,-3.44910631963082,-7.20410189791748,14.8761486073787,4.26166256745069,8.67361737988404e-19,-6.50344123682309e-19,2.41042822948846e-19,0,9.07401096069088,1.33396107353937e-14,8.54781478711652e-13,1.78429257142549e-19,6.93889390390723e-18,1.56380924660971e-14
51,NC_k0050,0.01,1,0.317152302594062,-122.137977522782,60.1627073811549,-122.137968175892,60.1626992006384,120.078507450344,-60.6843331280955,120.078521260021,-60.6843428916626,1,400,-2.4082298655248e-14,-7.38319995419179e-15,-1.29635484744728e-14,7.44673420149944e-15,-6.42659778949599e-19,3.66970406953025e-20,0,2.15596354855821e-19,-0.00125006196811876,-0.00019237912457966,1,-3.52816231956216e-20,7.98960039180253e-20,1,-0.0164440485414028,0.001712164880368,0.001712164880368,0.0068925058961546,0.00645796550210893,0.00163830469021281,0.00163830469021281,-0.00589624972143269,1,-5.42101086242752e-20,1.0842021724855e-19,1,-0.016443120502247,0.00171250731334407,0.00171250731334407,0.0068911002798666,0.00645736183424227,0.00163863235115085,0.00163863235115085,-0.005895617967777,-22.2720637811143,2.02354239258634,8.93767625072939,15.5805128090803,8.93767625072939,15.5805128090803,-2.46080797934593,-10.63256160345,1.30104260698261e-18,9.73754023307287e-19,-5.8839631167721e-19,0,46.8300018008284,6.6996025144355e-15,7.66278175870911e-13,7.98960039180253e-20,4.33680868994202e-18,2.4504192808347e-15
52,NC_k0051,0.01,1,0.203465041233302,-27.9556606632381,-96.170629524428,-27.9556467507228,-96.1706414632221,28.9008299466376,98.4711565971143,28.9008346533747,98.4711518963392,1,400,-2.08618929423143e-14,-4.74360134505858e-14,-2.1902501251341e-14,1.70269614380159e-14,-1.1497148769997e-19,-9.08829956456912e-19,0,8.80173111315625e-19,0.00099787482210411,0.00149061821767935,1,9.06708620014726e-20,9.43803035944635e-20,1,0.00312673908891714,0.000957244486943936,0.000957244486943936,0.0114337576136561,-0.00281773145494278,0.0016217794992341,0.0016217794992341,0.0157482250808751,1,0,0,1,0.00312751845226095,0.000957435935841325,0.000957435935841325,0.0114337062751474,-0.00281647989477534,0.00162210385513394,0.00162210385513394,0.015747620045389,-3.87402734911327,10.0190385060446,-11.0345581490824,6.94508497145044,-11.0345581490824,6.94508497145044,4.16909365799653,18.5093664513559,8.67361737988404e-19,-4.14446120826328e-21,6.28235776727194e-19,0,31.7509965258731,2.32249091974388e-14,1.31679798649069e-12,9.43803035944635e-20,6.93889390390723e-18,1.21408877653753e-14
53,NC_k0052,0.01,1,0.639274122759553,79.9892136630516,50.8150693981257,79.9892168305605,50.8150665959739,-81.1919243132399,-51.379114981643,-81.1919176386204,-51.379119527838,1,400,-2.61771940929245e-14,1.239815541898e-13,3.33443240164955e-14,2.37540022374194e-14,-1.65368624572621e-18,3.21231951290273e-18,0,1.09310925332148e-18,-0.000828016753680574,-0.000364108860460872,1,1.75509198756729e-20,-3.57085837970535e-19,1,0.00261780353728338,0.00293059111048586,0.00293059111048586,-0.0105468976187944,0.00302736868501015,-0.015038295014095,-0.015038295014095,-0.00616493413720396,1,-2.16840434497101e-19,-5.42101086242752e-20,1,0.00261694707487354,0.00293117722870795,0.00293117722870795,-0.0105464376110887,0.00302683063073274,-0.0150413026730978,-0.0150413026730978,-0.00616455296119915,12.3820212326288,6.76768620309457,7.27522572342789,-16.2898287167909,7.27522572342789,-16.2898287167909,-47.2146318415257,-9.10792453068573,8.67361737988404e-19,-1.04653337395482e-19,3.02594316154949e-19,0,15.625394393491,1.73707104598512e-14,1.02608907259611e-12,3.57085837970535e-19,2.60208521396521e-18,1.11148365069573e-14
54,NC_k0053,0.01,1,0.266013708837881,-4.38423664527502,-114.178534333113,-4.38420707135135,-114.178559903062,3.15979188727209,116.587961323034,3.1598146703922,116.587943403468,1,400,-7.23375352673639e-14,-3.67436387305881e-14,-3.56429806614288e-14,3.68967009722887e-14,-1.40065500506869e-18,-2.65425714956016e-19,0,1.80303535968389e-18,-0.000956258493670384,0.0013819038852858,1,1.27769540599357e-20,-1.82761128123137e-20,1,-0.00534594159204217,0.00258142334671432,0.00258142334671432,-0.00544452772527846,-0.00724818554560279,-0.00326677755462682,-0.00326677755462682,0.0164895800599435,1,1.0842021724855e-19,-2.71050543121376e-20,1,-0.00534621628308177,0.00258193963138366,0.00258193963138366,-0.00544479255770473,-0.00724676762245965,-0.00326743091013774,-0.00326743091013774,0.0164886242065261,-1.79334983634476,16.7433625195594,-13.8145612033643,-2.18500311262598,-13.8145612033643,-2.18500311262598,-11.8858364174765,21.643163815719,8.67361737988404e-19,-1.06781944982938e-19,8.09296789153695e-19,0,15.7145003117525,2.16677288771003e-14,1.14091036073644e-12,1.82761128123137e-20,6.93889390390723e-18,9.18182248894509e-15
55,NC_k0054,0.01,1,0.341128692907055,-55.5410624485845,-81.5177896682072,-55.541052193731,-81.5177986356598,53.4118318720961,81.0454568731184,53.411846508362,81.045446480538,1,400,5.69301550346069e-14,7.82339687824263e-14,4.33119618230131e-14,5.05951617407741e-14,7.21447077934049e-19,1.30310931774307e-18,0,2.50863365708142e-18,-0.00134677210860561,-0.000630608340709127,1,-1.13360463148077e-19,-1.76223284316267e-19,1,-0.0113430168402953,-0.00634342003889684,-0.00634342003889684,0.000163527106001499,-0.0137305766224986,-0.00563256556312674,-0.00563256556312674,0.00328872632599214,1,5.42101086242752e-20,0,1,-0.0113427210003414,-0.00634468872290462,-0.00634468872290462,0.000162672291560831,-0.0137299867036086,-0.00563369207623936,-0.00563369207623936,0.0032876143145873,-11.1583482230671,-17.0202966706035,-14.7249125707811,4.24013572567203,-14.7249125707811,4.24013572567203,-23.4251810016639,13.1901868637754,1.30104260698261e-18,9.50816671226761e-19,8.20805466870818e-19,0,22.3768461198396,1.27581253695209e-14,1.40195652468995e-13,1.76223284316267e-19,3.90312782094782e-18,6.34638757464158e-15
56,NC_k0055,0.01,1,0.520517084882123,-54.3601568019535,81.8924641560281,-54.3601545254061,81.8924622260921,54.9139834843642,-81.2097814104171,54.9139826771896,-81.2097812010739,1,400,-1.23588205641623e-13,-1.0373223547494e-13,-7.63345967558913e-14,-2.7747335679118e-14,-2.09263460086115e-18,-1.47551815922719e-18,0,-1.56981674905824e-18,0.000654391489331155,0.000511179085057347,1,1.5989494507241e-19,1.18308008896977e-19,1,-0.000946888973156342,0.0120044002480288,0.0120044002480288,0.0111505857370525,0.00975143128445296,0.00417145617530866,0.00417145617530866,-0.00426271685200356,1,4.33680868994202e-19,-2.16840434497101e-19,1,-0.000946029007001734,0.0120068011280784,0.0120068011280784,0.011150235955736,0.00975086779490694,0.00417229046654372,0.00417229046654372,-0.00426187892673592,-8.64239310063144,36.5437342873898,15.2542092996901,10.4418786015819,15.2542092996901,10.4418786015819,11.2040654850419,-13.0360506228288,1.73472347597681e-18,-6.87464439803348e-20,-2.95409868434163e-19,0,14.2245846126853,1.27573548001184e-14,6.7609716574102e-13,1.5989494507241e-19,3.46944695195361e-18,2.55950797436725e-15
57,NC_k0056,0.01,1,0.0885361096633098,-31.8174530494666,39.9535651363961,-31.8174489288635,39.9535614638329,29.7928488204114,-41.0402436320209,29.7928593211574,-41.0402506738427,1,400,-1.37336973390911e-14,-1.48089277385993e-14,-8.65585010771315e-15,-1.2250508767131e-14,-2.03592309806452e-19,-2.01013160656511e-19,0,-6.0423393077406e-19,-0.00191881607239291,-0.000734152352952362,1,-1.13175962728499e-19,6.59979638434709e-20,1,-0.0130849159121108,-0.000564617477839249,-0.000564617477839249,-0.0128578700403618,0.000337649338865148,0.00341650191747311,0.00341650191747311,-0.00716623110663764,1,0,-5.42101086242752e-20,1,-0.013085553129466,-0.000564730401334817,-0.000564730401334817,-0.0128585299623042,0.000337103430298678,0.0034171852178566,0.0034171852178566,-0.00716602662715956,-7.08749834575454,-4.7855236040022,4.29387115549774,0.509218229697701,4.29387115549774,0.509218229697701,9.17299401629548,-7.8247052605948,8.67361737988404e-19,7.37228153770421e-19,-5.64157145773025e-19,0,139.907546952245,5.64674314891204e-14,4.76491471752839e-13,1.13175962728499e-19,4.33680868994202e-18,6.58338264629842e-15
58,NC_k0057,0.01,1,0.572309375760063,-27.7140763681107,-17.9792050052474,-27.7140448935917,-17.9792322852594,25.2836461817453,19.678614393809,25.2836748836987,19.6785925590856,1,400,-1.2667211030104e-13,3.84588194624058e-14,-3.12912897474805e-14,4.18193854111876e-14,-3.41044581322143e-18,1.94777873199087e-18,0,2.08709910820195e-18,-0.00135320034042513,0.000942949209456745,1,1.57245969665269e-19,-3.33289090414125e-19,1,-0.0087404970545237,0.00970397016124897,0.00970397016124897,0.000396105896908983,-0.000359444000503655,-0.0138470573277066,-0.0138470573277066,0.00611633696272485,1,0,-2.71050543121376e-20,1,-0.00874024883415507,0.00970591095528122,0.00970591095528122,0.00039544045698247,-0.000358976289131433,-0.0138498267391722,-0.0138498267391722,0.00611615709600075,-6.74957037612722,35.1043512637736,0.751778840851592,-1.14723385627458,0.751778840851592,-1.14723385627458,-50.0714497531922,4.76983779223035,1.30104260698261e-18,-3.99311528871779e-20,8.78097403478316e-19,0,12.1496924279151,2.09391449800884e-14,1.26393401734405e-12,3.33289090414125e-19,5.20417042793042e-18,1.24153607446402e-14
59,NC_k0058,0.01,1,0.234429359429497,91.1716173109003,40.4361335641585,91.1715987434568,40.4361495977161,-90.7415164792202,-42.2086559737065,-90.7415294449858,-42.2086455534178,1,400,6.4232365086514e-14,4.0672218197535e-14,3.54205756935385e-14,-2.43080295475595e-14,1.27310375461301e-18,3.82580959473126e-19,0,-1.23018300698886e-18,-0.000252728002236756,-0.00114731758243871,1,-1.16239796752274e-19,-3.05139320928746e-20,1,0.00572346562335538,-0.00470009187908999,-0.00470009187908999,-0.0160558367440877,-0.000666340657392887,0.00100947961288123,0.00100947961288123,-0.00926812413992542,1,0,0,1,0.00572211834895899,-0.0047010318974658,-0.0047010318974658,-0.0160550060882473,-0.000667019108186948,0.00100968150880381,0.00100968150880381,-0.00926794241237123,15.6687875803527,-19.293495869657,2.85400651457604,-14.2713660719672,2.85400651457604,-14.2713660719672,9.16626576630085,-8.61321575483496,8.67361737988404e-19,-4.3091627034125e-19,-1.56957625280769e-19,0,13.1844409297835,1.41711414355668e-14,1.07988869829579e-12,1.16239796752274e-19,6.93889390390723e-18,8.99812102000045e-15
60,NC_k0059,0.01,1,0.449009538153445,124.18175172187,-58.3371664553731,124.181749289476,-58.3371643049528,-123.281920566787,58.7520839920783,-123.28192559849,58.7520874249595,1,400,4.04049623620173e-14,7.27394490127042e-14,3.58745168535249e-14,1.23104651472694e-14,3.19615971245589e-19,1.35728757991376e-18,0,7.42742015623615e-19,0.000451730213972268,0.000192574029776678,1,-4.0915202708752e-20,-2.09808810845638e-19,1,0.0125934877014677,-0.00328537948333291,-0.00328537948333291,-0.0106863504327794,-0.00533084528573012,-0.00734647189427622,-0.00734647189427622,0.00583298404228314,1,0,0,1,0.0125923713879927,-0.00328603655922958,-0.00328603655922958,-0.010685138762441,-0.0053302745407948,-0.00734794118865508,-0.00734794118865508,0.00583243840428565,21.6132030543014,-7.58497081539738,-8.86801948388475,-18.6895017339764,-8.86801948388475,-18.6895017339764,-17.408340608728,10.2161712144377,8.67361737988404e-19,8.16858002520704e-21,3.13737195556547e-19,0,8.20481053147772,3.12316317612051e-15,1.63604547756458e-13,2.09808810845638e-19,3.46944695195361e-18,7.41781363392161e-15
61,NC_k0060,0.01,1,0.251363106379684,51.5951273744766,98.4168193036009,51.595111127146,98.4168334214701,-49.7367553930563,-98.8308512961667,-49.736772595043,-98.830838544827,1,400,-1.33801390106436e-15,-5.9801339227783e-15,-3.76311766572017e-15,-4.04064802450588e-14,1.41431341134317e-20,-1.90044745734058e-19,0,-2.04142219477677e-18,0.00130795982577088,0.000146966429413558,1,7.25994010804227e-20,9.96658140483722e-20,1,0.0110124244131944,0.00201889622432736,0.00201889622432736,0.00192426675443054,0.0147006014428568,0.0022188640864324,0.0022188640864324,-0.00706517681456636,1,0,0,1,0.0110122934225907,0.00201930000357223,0.00201930000357223,0.00192504457959267,0.0146997040395597,0.00221930785924969,0.00221930785924969,-0.00706389764003778,10.2622854831704,0.785920855292471,15.5947941816836,-4.22415612767966,15.5947941816836,-4.22415612767966,11.3602080507859,-16.9400184869045,8.67361737988404e-19,-4.37473749483907e-19,-9.75235866150102e-19,0,35.8468917366992,8.80837140909679e-15,2.95407339722566e-13,9.96658140483722e-20,4.33680868994202e-18,1.45754722482183e-14
62,NC_k0061,0.01,1,0.18774760574665,44.8597424530235,-31.1546028505729,44.8597235330382,-31.1545864058621,-42.6201161038226,30.730429475888,-42.6201364340731,30.7304445100243,1,400,1.07524666254077e-13,7.36572261517132e-14,5.89283992110023e-14,1.18577023200395e-14,1.98786721319764e-18,7.66657461493748e-19,0,6.02177559771254e-19,0.00198907752614985,-0.000188706895218404,1,8.57411826472533e-20,-4.84954140010014e-20,1,0.0144410819694882,-0.00741668693217575,-0.00741668693217575,0.0110534261280013,-0.00211563498216453,-0.00256145906364691,-0.00256145906364691,0.00179796924916267,1,0,0,1,0.0144415499493986,-0.00741817026956219,-0.00741817026956219,0.0110542328734959,-0.00211544724359629,-0.00256197135545964,-0.00256197135545964,0.00179776562730778,9.46154073131076,-23.7642728390865,-6.16786081458809,-2.18465692823183,-6.16786081458809,-2.18465692823183,-5.36976553692271,4.78969242118162,2.60208521396521e-18,6.46692314794797e-19,3.25548779049607e-19,0,6.65181196684615,7.71499926446717e-15,5.83321800764881e-13,8.57411826472533e-20,8.67361737988404e-18,9.46140874785534e-15
63,NC_k0062,0.01,1,0.682567266535401,22.9674023160422,-84.1522343456962,22.9673968468092,-84.1522296255499,-22.8864626362705,83.5950186027404,-22.886466274686,83.5950215599893,1,400,1.83789615471053e-13,8.52477810564523e-14,9.03391732374336e-14,2.13353640310388e-14,3.6751171394588e-18,5.47659739959109e-19,0,1.14170776867019e-18,-0.000212649388551812,-0.000125134133208414,1,-3.47496579198674e-19,7.04269091682385e-20,1,0.000514545245127709,-0.016965264742165,-0.016965264742165,-0.00641988876246026,-0.00428897221301671,0.00241466856620863,0.00241466856620863,0.00681719566742371,1,0,5.42101086242752e-20,1,0.000514050889839399,-0.0169686577951134,-0.0169686577951134,-0.00641968967434781,-0.00428835369903633,0.00241515149992187,0.00241515149992187,0.00681670356461605,3.92350779044265,-53.418689912503,-15.3551325697614,-3.66053568965241,-15.3551325697614,-3.66053568965241,9.72974045279814,13.5446483766083,8.67361737988404e-19,3.3380005687678e-19,3.11723605872514e-19,0,18.0693692630784,1.11581140457738e-14,2.76390208497355e-13,3.47496579198674e-19,3.25260651745651e-18,1.17110886636497e-14
64,NC_k0063,0.01,1,0.389618062362675,67.814220984781,-14.503591120555,67.814202467653,-14.5035750016641,-65.2116649354928,14.4034749943031,-65.2116864554724,14.4034907149449,1,400,1.35804995721189e-13,4.09438108417426e-15,4.32745433475461e-14,-2.72058309040701e-14,3.15010229594894e-18,-1.12729497367707e-18,0,-1.36935779941213e-18,0.00155646240800834,0.000368518999149614,1,-7.91492003741629e-21,2.14079899104024e-19,1,0.0132846561620654,-0.0098562838037297,-0.0098562838037297,-0.00177196758404015,0.00616208488741966,0.00847158768275763,0.00847158768275763,0.0036732306067995,1,5.42101086242752e-20,0,1,0.0132841911480925,-0.00985825506049044,-0.00985825506049044,-0.00177092693563839,0.00616220632759299,0.00847328200029418,0.00847328200029418,0.00367360093240089,13.6264892405871,-33.0476393082955,-2.65546197445013,-5.17038258754956,-2.65546197445013,-5.17038258754956,34.0852712155478,2.3302155183427,8.67361737988404e-19,-5.53330405016789e-19,-4.38066706796843e-19,0,17.8949548132654,9.03027341512647e-15,3.17121923184415e-13,2.14079899104024e-19,2.81892564846231e-18,7.83616986133769e-15
