Case,LoadCase,Label,N,T1,T2,T3,T4,T5,ell2_T4,twoU_hom,twoU_het
1,NC_k0000,"G1_11",2,4.3244845967e-01,4.4313162589e-01,1.0683166219e-02,8.7407009297e-05,-1.0683166219e-02,2.1851752324e-05,4.3203682005e-01,5.4794170443e-01
1,NC_k0000,"G1_11",3,4.3244845967e-01,4.4027312278e-01,7.8246631075e-03,8.6034097115e-05,-7.8246631075e-03,9.5593441238e-06,4.3203682005e-01,5.1495685595e-01
1,NC_k0000,"G1_11",4,4.3244845967e-01,4.3876116624e-01,6.3127065672e-03,8.5347641023e-05,-6.3127065672e-03,5.3342275639e-06,4.3203682005e-01,4.9779929616e-01
1,NC_k0000,"G1_11",5,4.3244845967e-01,4.3781170988e-01,5.3632502087e-03,8.4935767368e-05,-5.3632502087e-03,3.3974306947e-06,4.3203682005e-01,4.8716471367e-01
1,NC_k0000,"G1_11",6,4.3244845967e-01,4.3715371021e-01,4.7052505367e-03,8.4661184932e-05,-4.7052505367e-03,2.3516995814e-06,4.3203682005e-01,4.7987370399e-01
1,NC_k0000,"G1_11",7,4.3244845967e-01,4.3666745423e-01,4.2189945589e-03,8.4465054620e-05,-4.2189945589e-03,1.7237766249e-06,4.3203682005e-01,4.7453510314e-01
1,NC_k0000,"G1_11",8,4.3244845967e-01,4.3629150094e-01,3.8430412659e-03,8.4317956886e-05,-3.8430412659e-03,1.3174680763e-06,4.3203682005e-01,4.7044058605e-01
2,NC_k0001,"G1_22",2,2.8158624129e-01,2.8694208579e-01,5.3558445007e-03,8.0505909691e-05,-5.3558445007e-03,2.0126477423e-05,2.8157568530e-01,3.7227109574e-01
2,NC_k0001,"G1_22",3,2.8158624129e-01,2.8500604328e-01,3.4198019941e-03,8.0505909691e-05,-3.4198019941e-03,8.9451010768e-06,2.8157568530e-01,3.4318785480e-01
2,NC_k0001,"G1_22",4,2.8158624129e-01,2.8420225186e-01,2.6160105718e-03,8.0505909691e-05,-2.6160105718e-03,5.0316193557e-06,2.8157568530e-01,3.2851102469e-01
2,NC_k0001,"G1_22",5,2.8158624129e-01,2.8376310668e-01,2.1768653872e-03,8.0505909691e-05,-2.1768653872e-03,3.2202363876e-06,2.8157568530e-01,3.1963580148e-01
2,NC_k0001,"G1_22",6,2.8158624129e-01,2.8348389829e-01,1.8976570054e-03,8.0505909691e-05,-1.8976570054e-03,2.2362752692e-06,2.8157568530e-01,3.1367806792e-01
2,NC_k0001,"G1_22",7,2.8158624129e-01,2.8328872136e-01,1.7024800693e-03,8.0505909691e-05,-1.7024800693e-03,1.6429777488e-06,2.8157568530e-01,3.0939596759e-01
2,NC_k0001,"G1_22",8,2.8158624129e-01,2.8314325425e-01,1.5570129666e-03,8.0505909691e-05,-1.5570129666e-03,1.2579048389e-06,2.8157568530e-01,3.0616598188e-01
3,NC_k0002,"G1_12",2,1.5386622214e+00,1.5491836424e+00,1.0521421077e-02,5.1756589608e-04,-1.0521421077e-02,1.2939147402e-04,1.5385272206e+00,1.6436405780e+00
3,NC_k0002,"G1_12",3,1.5386622214e+00,1.5440438704e+00,5.3816490647e-03,5.1041403012e-04,-5.3816490647e-03,5.6712670013e-05,1.5385272206e+00,1.6117617552e+00
3,NC_k0002,"G1_12",4,1.5386622214e+00,1.5421593138e+00,3.4970924699e-03,5.0784435084e-04,-3.4970924699e-03,3.1740271927e-05,1.5385272206e+00,1.5954504682e+00
3,NC_k0002,"G1_12",5,1.5386622214e+00,1.5412414893e+00,2.5792679114e-03,5.0662454445e-04,-2.5792679114e-03,2.0264981778e-05,1.5385272206e+00,1.5854735769e+00
3,NC_k0002,"G1_12",6,1.5386622214e+00,1.5407153216e+00,2.0531002272e-03,5.0594550735e-04,-2.0531002272e-03,1.4054041871e-05,1.5385272206e+00,1.5787097765e+00
3,NC_k0002,"G1_12",7,1.5386622214e+00,1.5403798542e+00,1.7176328004e-03,5.0552619538e-04,-1.7176328004e-03,1.0316861130e-05,1.5385272206e+00,1.5738053958e+00
3,NC_k0002,"G1_12",8,1.5386622214e+00,1.5401493702e+00,1.4871488696e-03,5.0524764903e-04,-1.4871488696e-03,7.8944945161e-06,1.5385272206e+00,1.5700764749e+00
4,NC_k0003,"G2_11",2,2.8158610206e-01,2.8694196290e-01,5.3558608386e-03,8.0505947820e-05,-5.3558608386e-03,2.0126486955e-05,2.8157568521e-01,3.7227105091e-01
4,NC_k0003,"G2_11",3,2.8158610206e-01,2.8500596011e-01,3.4198580470e-03,8.0505947820e-05,-3.4198580470e-03,8.9451053133e-06,2.8157568521e-01,3.4318783225e-01
4,NC_k0003,"G2_11",4,2.8158610206e-01,2.8420217666e-01,2.6160746022e-03,8.0505947820e-05,-2.6160746022e-03,5.0316217387e-06,2.8157568521e-01,3.2851101241e-01
4,NC_k0003,"G2_11",5,2.8158610206e-01,2.8376303202e-01,2.1769299600e-03,8.0505947820e-05,-2.1769299600e-03,3.2202379128e-06,2.8157568521e-01,3.1963579493e-01
4,NC_k0003,"G2_11",6,2.8158610206e-01,2.8348382202e-01,1.8977199643e-03,8.0505947820e-05,-1.8977199643e-03,2.2362763283e-06,2.8157568521e-01,3.1367806492e-01
4,NC_k0003,"G2_11",7,2.8158610206e-01,2.8328864285e-01,1.7025407959e-03,8.0505947820e-05,-1.7025407959e-03,1.6429785269e-06,2.8157568521e-01,3.0939596696e-01
4,NC_k0003,"G2_11",8,2.8158610206e-01,2.8314317342e-01,1.5570713624e-03,8.0505947820e-05,-1.5570713624e-03,1.2579054347e-06,2.8157568521e-01,3.0616598290e-01
5,NC_k0004,"G2_22",2,4.3247292095e-01,4.4315613828e-01,1.0683217331e-02,8.7406752695e-05,-1.0683217331e-02,2.1851688174e-05,4.3203681883e-01,5.4794140288e-01
5,NC_k0004,"G2_22",3,4.3247292095e-01,4.4029713797e-01,7.8242170204e-03,8.6033866430e-05,-7.8242170204e-03,9.5593184922e-06,4.3203681883e-01,5.1495664973e-01
5,NC_k0004,"G2_22",4,4.3247292095e-01,4.3878498935e-01,6.3120684055e-03,8.5347423297e-05,-6.3120684055e-03,5.3342139560e-06,4.3203681883e-01,4.9779913817e-01
5,NC_k0004,"G2_22",5,4.3247292095e-01,4.3783544665e-01,5.3625257004e-03,8.4935557417e-05,-5.3625257004e-03,3.3974222967e-06,4.3203681883e-01,4.8716458491e-01
5,NC_k0004,"G2_22",6,4.3247292095e-01,4.3717740652e-01,4.7044855698e-03,8.4660980164e-05,-4.7044855698e-03,2.3516938934e-06,4.3203681883e-01,4.7987359489e-01
5,NC_k0004,"G2_22",7,4.3247292095e-01,4.3669113275e-01,4.2182118036e-03,8.4464853554e-05,-4.2182118036e-03,1.7237725215e-06,4.3203681883e-01,4.7453500819e-01
5,NC_k0004,"G2_22",8,4.3247292095e-01,4.3631517381e-01,3.8422528657e-03,8.4317758597e-05,-3.8422528657e-03,1.3174649781e-06,4.3203681883e-01,4.7044050178e-01
6,NC_k0005,"G2_12",2,1.5386783118e+00,1.5492003078e+00,1.0521996028e-02,5.1756956789e-04,-1.0521996028e-02,1.2939239197e-04,1.5385272192e+00,1.6436402748e+00
6,NC_k0005,"G2_12",3,1.5386783118e+00,1.5440600592e+00,5.3817474043e-03,5.1041290851e-04,-5.3817474043e-03,5.6712545390e-05,1.5385272192e+00,1.6117615438e+00
6,NC_k0005,"G2_12",4,1.5386783118e+00,1.5421753549e+00,3.4970430772e-03,5.0784220813e-04,-3.4970430772e-03,3.1740138008e-05,1.5385272192e+00,1.5954503039e+00
6,NC_k0005,"G2_12",5,1.5386783118e+00,1.5412574721e+00,2.5791602882e-03,5.0662222929e-04,-2.5791602882e-03,2.0264889172e-05,1.5385272192e+00,1.5854734413e+00
6,NC_k0005,"G2_12",6,1.5386783118e+00,1.5407312789e+00,2.0529671216e-03,5.0594326064e-04,-2.0529671216e-03,1.4053979462e-05,1.5385272192e+00,1.5787096603e+00
6,NC_k0005,"G2_12",7,1.5386783118e+00,1.5403958002e+00,1.7174883863e-03,5.0552408739e-04,-1.7174883863e-03,1.0316818110e-05,1.5385272192e+00,1.5738052938e+00
6,NC_k0005,"G2_12",8,1.5386783118e+00,1.5401653118e+00,1.4869999575e-03,5.0524569422e-04,-1.4869999575e-03,7.8944639721e-06,1.5385272192e+00,1.5700763835e+00
7,NC_k0006,"bend-X  G1_12-G2_11",2,7.1640971253e-01,7.1766819543e-01,1.2584829077e-03,2.1891182135e-04,-1.2584829077e-03,5.4727955339e-05,7.1631030373e-01,7.7160440650e-01
7,NC_k0006,"bend-X  G1_12-G2_11",3,7.1640971253e-01,7.1739663271e-01,9.8692018270e-04,2.1760814915e-04,-9.8692018270e-04,2.4178683239e-05,7.1631030373e-01,7.5367468737e-01
7,NC_k0006,"bend-X  G1_12-G2_11",4,7.1640971253e-01,7.1724665948e-01,8.3694695809e-04,2.1715186388e-04,-8.3694695809e-04,1.3571991493e-05,7.1631030373e-01,7.4465077338e-01
7,NC_k0006,"bend-X  G1_12-G2_11",5,7.1640971253e-01,7.1714852170e-01,7.3880917567e-04,2.1694066899e-04,-7.3880917567e-04,8.6776267595e-06,7.1631030373e-01,7.3920623375e-01
7,NC_k0006,"bend-X  G1_12-G2_11",6,7.1640971253e-01,7.1707800644e-01,6.6829391249e-04,2.1682594583e-04,-6.6829391249e-04,6.0229429398e-06,7.1631030373e-01,7.3555866919e-01
7,NC_k0006,"bend-X  G1_12-G2_11",7,7.1640971253e-01,7.1702423236e-01,6.1451983230e-04,2.1675677139e-04,-6.1451983230e-04,4.4236075794e-06,7.1631030373e-01,7.3294165840e-01
7,NC_k0006,"bend-X  G1_12-G2_11",8,7.1640971253e-01,7.1698149756e-01,5.7178503321e-04,2.1671187452e-04,-5.7178503321e-04,3.3861230393e-06,7.1631030373e-01,7.3097085931e-01
8,NC_k0007,"shearGrad-X  G1_12+G2_11",2,1.1038386109e+00,1.1184196780e+00,1.4581067090e-02,3.7854970903e-04,-1.4581067090e-02,9.4637427256e-05,1.1037926021e+00,1.2441908140e+00
8,NC_k0007,"shearGrad-X  G1_12+G2_11",3,1.1038386109e+00,1.1116483061e+00,7.8096952113e-03,3.7341870250e-04,-7.8096952113e-03,4.1490966944e-05,1.1037926021e+00,1.2012224784e+00
8,NC_k0007,"shearGrad-X  G1_12+G2_11",4,1.1038386109e+00,1.1091169711e+00,5.2783602290e-03,3.7139543054e-04,-5.2783602290e-03,2.3212214409e-05,1.1037926021e+00,1.1792873144e+00
8,NC_k0007,"shearGrad-X  G1_12+G2_11",5,1.1038386109e+00,1.1078595112e+00,4.0209002722e-03,3.7035498138e-04,-4.0209002722e-03,1.4814199255e-05,1.1037926021e+00,1.1658956468e+00
8,NC_k0007,"shearGrad-X  G1_12+G2_11",6,1.1038386109e+00,1.1071244499e+00,3.2858390265e-03,3.6973364611e-04,-3.2858390265e-03,1.0270379059e-05,1.1037926021e+00,1.1568313847e+00
8,NC_k0007,"shearGrad-X  G1_12+G2_11",7,1.1038386109e+00,1.1066469297e+00,2.8083188590e-03,3.6932524623e-04,-2.8083188590e-03,7.5372499231e-06,1.1037926021e+00,1.1502682655e+00
8,NC_k0007,"shearGrad-X  G1_12+G2_11",8,1.1038386109e+00,1.1063129724e+00,2.4743615147e-03,3.6903831172e-04,-2.4743615147e-03,5.7662236207e-06,1.1037926021e+00,1.1452845174e+00
9,NC_k0008,"bend-Y  G2_12-G1_22",2,7.1641469380e-01,7.1767305644e-01,1.2583626442e-03,2.1891299632e-04,-1.2583626442e-03,5.4728249080e-05,7.1631030283e-01,7.7160434677e-01
9,NC_k0008,"bend-Y  G2_12-G1_22",3,7.1641469380e-01,7.1740160138e-01,9.8690757766e-04,2.1760825820e-04,-9.8690757766e-04,2.4178695356e-05,7.1631030283e-01,7.5367462611e-01
9,NC_k0008,"bend-Y  G2_12-G1_22",4,7.1641469380e-01,7.1725163404e-01,8.3694023762e-04,2.1715159986e-04,-8.3694023762e-04,1.3571974991e-05,7.1631030283e-01,7.4465071383e-01
9,NC_k0008,"bend-Y  G2_12-G1_22",5,7.1641469380e-01,7.1715348642e-01,7.3879262178e-04,2.1694023229e-04,-7.3879262178e-04,8.6776092914e-06,7.1631030283e-01,7.3920617650e-01
9,NC_k0008,"bend-Y  G2_12-G1_22",6,7.1641469380e-01,7.1708295996e-01,6.6826616144e-04,2.1682541533e-04,-6.6826616144e-04,6.0229282037e-06,7.1631030283e-01,7.3555861424e-01
9,NC_k0008,"bend-Y  G2_12-G1_22",7,7.1641469380e-01,7.1702917611e-01,6.1448230979e-04,2.1675618433e-04,-6.1448230979e-04,4.4235955986e-06,7.1631030283e-01,7.3294160557e-01
9,NC_k0008,"bend-Y  G2_12-G1_22",8,7.1641469380e-01,7.1698643331e-01,5.7173950878e-04,2.1671125075e-04,-5.7173950878e-04,3.3861132929e-06,7.1631030283e-01,7.3097080841e-01
10,NC_k0009,"shearGrad-Y  G2_12+G1_22",2,1.1038498593e+00,1.1184314258e+00,1.4581566557e-02,3.7855217722e-04,-1.4581566557e-02,9.4638044306e-05,1.1037926017e+00,1.2441906489e+00
10,NC_k0009,"shearGrad-Y  G2_12+G1_22",3,1.1038498593e+00,1.1116596037e+00,7.8097444021e-03,3.7341782972e-04,-7.8097444021e-03,4.1490869969e-05,1.1037926017e+00,1.2012223655e+00
10,NC_k0009,"shearGrad-Y  G2_12+G1_22",4,1.1038498593e+00,1.1091281321e+00,5.2782727986e-03,3.7139376818e-04,-5.2782727986e-03,2.3212110511e-05,1.1037926017e+00,1.1792872278e+00
10,NC_k0009,"shearGrad-Y  G2_12+G1_22",5,1.1038498593e+00,1.1078706200e+00,4.0207607612e-03,3.7035312717e-04,-4.0207607612e-03,1.4814125087e-05,1.1037926017e+00,1.1658955762e+00
10,NC_k0009,"shearGrad-Y  G2_12+G1_22",6,1.1038498593e+00,1.1071355373e+00,3.2856779842e-03,3.6973178146e-04,-3.2856779842e-03,1.0270327263e-05,1.1037926017e+00,1.1568313249e+00
10,NC_k0009,"shearGrad-Y  G2_12+G1_22",7,1.1038498593e+00,1.1066580086e+00,2.8081492931e-03,3.6932343165e-04,-2.8081492931e-03,7.5372128908e-06,1.1037926017e+00,1.1502682135e+00
10,NC_k0009,"shearGrad-Y  G2_12+G1_22",8,1.1038498593e+00,1.1063240488e+00,2.4741895403e-03,3.6903656615e-04,-2.4741895403e-03,5.7661963461e-06,1.1037926017e+00,1.1452844712e+00
11,NC_k0010,"G1_11+G2_12",2,9.0095051572e-01,9.0868171272e-01,7.7311969963e-03,2.0567505537e-04,-7.7311969963e-03,5.1418763843e-05,9.0063476088e-01,9.8495641880e-01
11,NC_k0010,"G1_11+G2_12",3,9.0095051572e-01,9.0624582111e-01,5.2953053866e-03,2.0484056546e-04,-5.2953053866e-03,2.2760062828e-05,9.0063476088e-01,9.6073596506e-01
11,NC_k0010,"G1_11+G2_12",4,9.0095051572e-01,9.0501125619e-01,4.0607404656e-03,2.0454849398e-04,-4.0607404656e-03,1.2784280874e-05,9.0063476088e-01,9.4816818522e-01
11,NC_k0010,"G1_11+G2_12",5,9.0095051572e-01,9.0426202081e-01,3.3115050883e-03,2.0441330662e-04,-3.3115050883e-03,8.1765322647e-06,9.0063476088e-01,9.4039359607e-01
11,NC_k0010,"G1_11+G2_12",6,9.0095051572e-01,9.0375750117e-01,2.8069854425e-03,2.0433987150e-04,-2.8069854425e-03,5.6761075418e-06,9.0063476088e-01,9.3507206873e-01
11,NC_k0010,"G1_11+G2_12",7,9.0095051572e-01,9.0339386339e-01,2.4433476697e-03,2.0429559245e-04,-2.4433476697e-03,4.1692978051e-06,9.0063476088e-01,9.3118104270e-01
11,NC_k0010,"G1_11+G2_12",8,9.0095051572e-01,9.0311887216e-01,2.1683564413e-03,2.0426685364e-04,-2.1683564413e-03,3.1916695881e-06,9.0063476088e-01,9.2820047167e-01
12,NC_k0011,"G1_11-G2_12",2,1.0701762557e+00,1.0837898122e+00,1.3613556482e-02,3.9900418527e-04,-1.3613556482e-02,9.9751046317e-05,1.0699292784e+00,1.2066064659e+00
12,NC_k0011,"G1_11-G2_12",3,1.0701762557e+00,1.0781770085e+00,8.0007527535e-03,3.9204513216e-04,-8.0007527535e-03,4.3560570240e-05,1.0699292784e+00,1.1659756823e+00
12,NC_k0011,"G1_11-G2_12",4,1.0701762557e+00,1.0759711739e+00,5.7949181195e-03,3.8898891378e-04,-5.7949181195e-03,2.4311807112e-05,1.0699292784e+00,1.1450801298e+00
12,NC_k0011,"G1_11-G2_12",5,1.0701762557e+00,1.0748225757e+00,4.6463199451e-03,3.8729064138e-04,-4.6463199451e-03,1.5491625655e-05,1.0699292784e+00,1.1322461946e+00
12,NC_k0011,"G1_11-G2_12",6,1.0701762557e+00,1.0741216235e+00,3.9453677673e-03,3.8621490087e-04,-3.9453677673e-03,1.0728191691e-05,1.0699292784e+00,1.1235146655e+00
12,NC_k0011,"G1_11-G2_12",7,1.0701762557e+00,1.0736483056e+00,3.4720498723e-03,3.8547415941e-04,-3.4720498723e-03,7.8668195797e-06,1.0699292784e+00,1.1171638245e+00
12,NC_k0011,"G1_11-G2_12",8,1.0701762557e+00,1.0733056905e+00,3.1294347907e-03,3.8493372146e-04,-3.1294347907e-03,6.0145893978e-06,1.0699292784e+00,1.1123216977e+00
13,NC_k0012,"G1_12+G2_22",2,9.0094767022e-01,9.0867907975e-01,7.7314095331e-03,2.0567363039e-04,-7.7314095331e-03,5.1418407598e-05,9.0063476059e-01,9.8495654198e-01
13,NC_k0012,"G1_12+G2_22",3,9.0094767022e-01,9.0624283132e-01,5.2951610949e-03,2.0484086512e-04,-5.2951610949e-03,2.2760096125e-05,9.0063476059e-01,9.6073601889e-01
13,NC_k0012,"G1_12+G2_22",4,9.0094767022e-01,9.0500812165e-01,4.0604514259e-03,2.0454939728e-04,-4.0604514259e-03,1.2784337330e-05,9.0063476059e-01,9.4816820770e-01
13,NC_k0012,"G1_12+G2_22",5,9.0094767022e-01,9.0425881663e-01,3.3111464113e-03,2.0441448931e-04,-3.3111464113e-03,8.1765795723e-06,9.0063476059e-01,9.4039360143e-01
13,NC_k0012,"G1_12+G2_22",6,9.0094767022e-01,9.0375426075e-01,2.8065905290e-03,2.0434120596e-04,-2.8065905290e-03,5.6761446101e-06,9.0063476059e-01,9.3507206368e-01
13,NC_k0012,"G1_12+G2_22",7,9.0094767022e-01,9.0339060371e-01,2.4429334902e-03,2.0429701842e-04,-2.4429334902e-03,4.1693269065e-06,9.0063476059e-01,9.3118103088e-01
13,NC_k0012,"G1_12+G2_22",8,9.0094767022e-01,9.0311560262e-01,2.1679323964e-03,2.0426833900e-04,-2.1679323964e-03,3.1916927969e-06,9.0063476059e-01,9.2820045522e-01
14,NC_k0013,"G1_12-G2_22",2,1.0701874721e+00,1.0838004016e+00,1.3612929490e-02,3.9900225132e-04,-1.3612929490e-02,9.9750562831e-05,1.0699292789e+00,1.2066063726e+00
14,NC_k0013,"G1_12-G2_22",3,1.0701874721e+00,1.0781880160e+00,8.0005439315e-03,3.9204486827e-04,-8.0005439315e-03,4.3560540919e-05,1.0699292789e+00,1.1659756426e+00
14,NC_k0013,"G1_12-G2_22",4,1.0701874721e+00,1.0759822216e+00,5.7947495569e-03,3.8898926260e-04,-5.7947495569e-03,2.4311828912e-05,1.0699292789e+00,1.1450801143e+00
14,NC_k0013,"G1_12-G2_22",5,1.0701874721e+00,1.0748336015e+00,4.6461294233e-03,3.8729128666e-04,-4.6461294233e-03,1.5491651466e-05,1.0699292789e+00,1.1322461922e+00
14,NC_k0013,"G1_12-G2_22",6,1.0701874721e+00,1.0741326192e+00,3.9451470975e-03,3.8621571415e-04,-3.9451470975e-03,1.0728214282e-05,1.0699292789e+00,1.1235146711e+00
14,NC_k0013,"G1_12-G2_22",7,1.0701874721e+00,1.0736592742e+00,3.4718020709e-03,3.8547507816e-04,-3.4718020709e-03,7.8668383299e-06,1.0699292789e+00,1.1171638353e+00
14,NC_k0013,"G1_12-G2_22",8,1.0701874721e+00,1.0733166368e+00,3.1291647653e-03,3.8493471138e-04,-3.1291647653e-03,6.0146048654e-06,1.0699292789e+00,1.1123217120e+00
15,NC_k0014,"G1_11+G2_22",2,4.3245956344e-01,4.4314291655e-01,1.0683353110e-02,8.7407141753e-05,-1.0683353110e-02,2.1851785438e-05,4.3203681866e-01,5.4794158171e-01
15,NC_k0014,"G1_11+G2_22",3,4.3245956344e-01,4.4028404056e-01,7.8244771159e-03,8.6034120297e-05,-7.8244771159e-03,9.5593466996e-06,4.3203681866e-01,5.1495675878e-01
15,NC_k0014,"G1_11+G2_22",4,4.3245956344e-01,4.3877193414e-01,6.3123706967e-03,8.5347609569e-05,-6.3123706967e-03,5.3342255981e-06,4.3203681866e-01,4.9779921351e-01
15,NC_k0014,"G1_11+G2_22",5,4.3245956344e-01,4.3782240654e-01,5.3628431033e-03,8.4935703132e-05,-5.3628431033e-03,3.3974281253e-06,4.3203681866e-01,4.8716464064e-01
15,NC_k0014,"G1_11+G2_22",6,4.3245956344e-01,4.3716437045e-01,4.7048070059e-03,8.4661098841e-05,-4.7048070059e-03,2.3516971900e-06,4.3203681866e-01,4.7987363790e-01
15,NC_k0014,"G1_11+G2_22",7,4.3245956344e-01,4.3667809564e-01,4.2185321967e-03,8.4464952919e-05,-4.2185321967e-03,1.7237745494e-06,4.3203681866e-01,4.7453504235e-01
15,NC_k0014,"G1_11+G2_22",8,4.3245956344e-01,4.3630213320e-01,3.8425697585e-03,8.4317843477e-05,-3.8425697585e-03,1.3174663043e-06,4.3203681866e-01,4.7044052947e-01
16,NC_k0015,"all six G (equal)",2,6.6248191299e-01,6.7109234642e-01,8.6104334360e-03,1.6366544533e-04,-8.6104334360e-03,4.0916361333e-05,6.6232905467e-01,7.2046738206e-01
16,NC_k0015,"all six G (equal)",3,6.6248191299e-01,6.6726566492e-01,4.7837519355e-03,1.6234831551e-04,-4.7837519355e-03,1.8038701723e-05,6.6232905467e-01,7.0402442839e-01
16,NC_k0015,"all six G (equal)",4,6.6248191299e-01,6.6567974609e-01,3.1978331013e-03,1.6188732007e-04,-3.1978331013e-03,1.0117957505e-05,6.6232905467e-01,6.9545726589e-01
16,NC_k0015,"all six G (equal)",5,6.6248191299e-01,6.6484431768e-01,2.3624046980e-03,1.6167394504e-04,-2.3624046980e-03,6.4669578017e-06,6.6232905467e-01,6.9014023863e-01
16,NC_k0015,"all six G (equal)",6,6.6248191299e-01,6.6433950899e-01,1.8575960086e-03,1.6155803762e-04,-1.8575960086e-03,4.4877232672e-06,6.6232905467e-01,6.8649093996e-01
16,NC_k0015,"all six G (equal)",7,6.6248191299e-01,6.6400599046e-01,1.5240774721e-03,1.6148814910e-04,-1.5240774721e-03,3.2956765122e-06,6.6232905467e-01,6.8381635124e-01
16,NC_k0015,"all six G (equal)",8,6.6248191299e-01,6.6377134750e-01,1.2894345108e-03,1.6144278876e-04,-1.2894345108e-03,2.5225435744e-06,6.6232905467e-01,6.8176334031e-01
