Case,LoadCase,Label,slope_T3,slope_negT5,slope_T2mT1,slope_ell2T4,slope_2UhetmT1
1,NC_k0000,"G1_11",-0.471491,-0.431518,-0.395978,-2.021637,-0.746005
2,NC_k0001,"G1_22",-0.823078,-0.739538,-0.672557,-1.995245,-0.853596
3,NC_k0002,"G1_12",-1.395195,NaN,NaN,-2.022932,-0.884957
4,NC_k0003,"G2_11",-0.823059,-0.739477,-0.672463,-1.995246,-0.853594
5,NC_k0004,"G2_22",-0.471569,-0.432361,-0.397392,-2.021635,-0.746253
6,NC_k0005,"G2_12",-1.395245,NaN,NaN,-2.022931,-0.885168
7,NC_k0006,"bend-X  G1_12-G2_11",-0.756316,NaN,NaN,-2.014091,-0.952143
8,NC_k0007,"shearGrad-X  G1_12+G2_11",-1.242425,-1.334718,-1.457070,-2.022182,-0.840183
9,NC_k0008,"bend-Y  G2_12-G1_22",-0.756318,NaN,NaN,-2.014092,-0.952286
10,NC_k0009,"shearGrad-Y  G2_12+G1_22",-1.242460,-1.336372,-1.461302,-2.022180,-0.840292
11,NC_k0010,"G1_11+G2_12",-0.645501,-0.728727,-0.858037,-2.010175,-0.842195
12,NC_k0011,"G1_11-G2_12",-1.058914,-1.135788,-1.237145,-2.029309,-0.794717
13,NC_k0012,"G1_12+G2_22",-0.645594,-0.728382,-0.856791,-2.010180,-0.842153
14,NC_k0013,"G1_12-G2_22",-1.058949,-1.136552,-1.239076,-2.029308,-0.794820
15,NC_k0014,"G1_11+G2_22",-0.471536,-0.431921,-0.396651,-2.021637,-0.746118
16,NC_k0015,"all six G (equal)",-1.162006,-1.329015,-1.641483,-2.014496,-0.839676
