N,Cb11,Cb12,Cb33,Ch11,Ch12,Ch33,G,minEig_Cbar,minEig_Chat,minEig_block,rms_energy,rms_stress,rms_double
1,54642.06368,24594.21477,18860.29729,50888.52405,20746.72863,13703.79242,307.5007525,18860.29729,13703.79242,6.522428737,0.1261139164,0.02201047425,0.04833785244
2,52273.87422,21218.72826,18860.29729,49816.46121,19173.60722,12089.03871,307.5007525,18860.29729,12089.03871,15.33165828,0.09275688431,0.009487948523,0.02803706181
3,51510.33168,20115.72967,18860.29729,49459.10693,18649.23341,11550.78748,307.5007525,18860.29729,11550.78748,15.41391761,0.07947047144,0.008170479321,0.02111614915
4,51133.40803,19568.38604,18860.29729,49280.42979,18387.04651,11281.66186,307.5007525,18860.29729,11281.66186,15.45487431,0.06914383782,0.01005244519,0.01699317272
5,50908.80507,19241.30968,18860.29729,49173.2235,18229.73437,11120.18649,307.5007525,18860.29729,11120.18649,15.479393,0.06135410874,0.01192535113,0.01456297499
6,50759.71612,19023.81287,18860.29729,49101.75265,18124.85961,11012.53624,307.5007525,18860.29729,11012.53624,15.49571575,0.05536465602,0.01341693165,0.01317900099
7,50653.54059,18868.72939,18860.29729,49050.70204,18049.94906,10935.64321,307.5007525,18860.29729,10935.64321,15.50736357,0.05063675484,0.01458576972,0.01243701365
8,50574.08207,18752.5652,18860.29729,49012.41408,17993.76616,10877.97343,307.5007525,18860.29729,10877.97343,15.51609327,0.04681278633,0.01551470761,0.01208227519
coef N^-0,50022.02753,17942.97786,18860.29729,48744.39837,17600.4858,10474.285,307.5007525
coef N^-1,4387.350612,6451.764684,0,2144.125683,3146.242829,3229.507415,0
coef N^-2,232.6855386,199.4722304,0,0,0,0,0
