load,N,cell,u_fullscale,u_homogeneous,u_micromorphic,err_disp_micro_pct,err_disp_hom_pct,err_energy_micro_pct,err_energy_hom_pct,err_psi_pct,err_sigma_micro_pct,err_sigma_hom_pct,sec_force_micro_pct,sec_moment_micro_pct
shear,1,0.5,-0.00227540969533942,-0.00332331177843051,-0.00233388811389347,2.57001711269092,46.053336471117,2.57001711269092,46.053336471117,71.8110318221062,74.4379192416636,81.0008783576387,4.95435616920508e-09,0.065086401694394
shear,2,0.25,-0.00304946276078049,-0.00332331177843051,-0.00297334506150169,-2.49610194483286,8.98023813151694,-2.49610194483279,8.98023813151699,64.4812842030808,214.525410018173,217.897375003434,6.1993925591835e-09,0.0626446768637591
shear,3,0.166666666666667,-0.00324692923066685,-0.00332331177843051,-0.00315716770553068,-2.76450512959711,2.35245496089762,-2.76450512959711,2.35245496089762,61.2882602702586,65.7081853620628,65.7222218131515,5.27724683776841e-09,0.0619932459061289
shear,4,0.125,-0.00331224539629267,-0.00332331177843051,-0.00322826594543959,-2.53542358144932,0.334105140586084,-2.53542358144925,0.334105140586124,57.8265723972966,18.6349541445671,18.4385113106423,4.70646372978445e-09,0.0617441623535725
bending,1,0.5,-0.000119981478861258,-0.000193284001632942,-0.000125420377877662,4.53311550084553,61.0948651970252,3.37609104428462,59.2782465537693,66.9191982519771,84.25294697764,90.8551982906592,3.41908495215524e-10,0.117090460500942
bending,2,0.25,-0.000175193888014587,-0.000193284001632942,-0.000170373594471958,-2.75140508453542,10.3257675386763,-5.59198819570128,7.09397852781555,65.2156366823298,252.689489182685,256.353040861421,2.90052020441251e-10,0.113171521195578
bending,3,0.166666666666667,-0.000188446961781487,-0.000193284001632942,-0.000182475894349138,-3.16856656955437,2.56679110436584,-4.83599216529327,0.794101276509811,56.8683784408304,67.7878105336334,67.8133246483147,2.60621065784159e-10,0.1120506402458
bending,4,0.125,-0.000192708862906715,-0.000193284001632942,-0.000187114415903116,-2.9030564132939,0.298449545885823,-4.0376237503634,-0.878864444425117,55.5609913622596,19.4355326410995,19.2449805412069,2.51161547654087e-10,0.111617064740053
shearpar,1,0.5,-0.0022736860617418,-0.00332227878251455,-0.00233313203058027,2.61451964889677,46.1186237808685,2.66464379955935,46.1935680277367,71.5648419750943,74.4462768960438,80.9595563874127,5.885559921449e-09,0.0650676634752547
shearpar,2,0.25,-0.00304913051998747,-0.00332227878251455,-0.00297241140076553,-2.5160982358425,8.95823451100426,-2.52558298659988,8.94877438025905,64.462156722143,214.717266617388,218.086272804626,5.99721020041566e-09,0.0626339350721917
shearpar,3,0.166666666666667,-0.00324640520034894,-0.00332227878251455,-0.00315618368584001,-2.77912056385402,2.33715686992663,-2.78133144669659,2.33535458893085,61.2287606778772,65.6998809817452,65.7151152969715,5.47482800880883e-09,0.0619841566251647
shearpar,4,0.125,-0.00331160290412831,-0.00332227878251455,-0.00322726225133696,-2.54682264851874,0.322377975116913,-2.54682286377004,0.3226717923568,57.7641324016661,18.6318243683449,18.4354672841486,4.62283516945991e-09,0.0617356681129014
